listno,email_num,sent_id,text
007-7484738,1,1.1,"The IETF meetings tend to become too large, creating logistics and planning problems."
007-7484738,1,1.2,"I suggest that future meetings are held for two weeks, with applications and user services issues the first week, and all other issues the second week."
007-7484738,1,1.3,"Those who so wish could attend both weeks, and other people could attend only one week."
007-7484738,1,1.4,Those who choose to attend both weeks would be able to cover more groups and do better liaisons between the different areas.
007-7484738,1,1.5,"The Friday of the first week could discuss applications issues which might be of special interest to the other areas, and the Monday of the second week would schedule other groups which might be of special interest to applications people, so some people could attend Monday-Monday or Friday-Friday."
007-7484738,1,1.6,------------------------------------------------------------------------
007-7484738,1,1.7,Jacob Palme &lt;jpalme@dsv.su.se&gt; (Stockholm University and KTH)
007-7484738,1,1.8,for more info see URL: http://www.dsv.su.se/~jpalme
007-7484738,2,2.1,"> The IETF meetings tend to become too large, creating logistics and planning problems. ..."
007-7484738,2,2.2,"My problem over the past year or so is that there are only a few session I wish to attend, but I cannot know for sure when they will be scheduled, so I cannot make reasonable travel arrangements (a week in Orlando for 6 hours of meetings is hard to sell to management)."
007-7484738,2,2.3,"Now I know there is a rationale here, and that one is encouraged to participate broadly."
007-7484738,2,2.4,And I am hopeful that new activities (my own and in the IETF) will give me many more reasons to attend.
007-7484738,2,2.5,But firmer scheduling would be a big win.
007-7484738,2,2.6,"regards, Terry"
007-7484738,2,2.7,Terry Allen Electronic Commerce and Publishing Consultant
007-7484738,2,2.8,tallen[at]sonic.net
007-7484738,2,2.9,http://www.sonic.net/~tallen/
007-7484738,2,2.10,DocBook: http://www.ora.com/davenport/index.html
007-7484738,2,2.11,Common Business Library: http://www.veosystems.com/
007-7484738,3,3.1,"Terry,"
007-7484738,3,3.2,"WG Chairs already are asked to specify which clashes they want to avoid, but clash avoidance is an iterative problem."
007-7484738,3,3.3,I just don't see how late changes can be completely avoided.
007-7484738,3,3.4,"Obviously, everybody knows they need to be minimised."
007-7484738,3,3.5,"Jacob,"
007-7484738,3,3.6,No way.
007-7484738,3,3.7,"Taking one week out of our calendars 3 times a year is already very painful, and a lot of people really do need and want to track multiple areas of the IETF."
007-7484738,3,3.8,Spreading it thinner would be awful.
007-7484738,3,3.9,Brian
007-7484738,4,4.1,"Working groups don't seem to decide at the last minute whether or not they need a meeting, or what their conflict avoidance criteria needs to be."
007-7484738,4,4.2,This leads me to believe that we could create the IETF schedule earlier without causing significant pain.
007-7484738,4,4.3,"For example, it would be very useful so that the final WG schedule was available more than 21 days in advance, in order to get advanced purchase tickets."
007-7484738,4,4.4,"This would mean that the apps area schedule should be set tentatively 30-35 days in advance, so that the draft IETF schedule could be published and conflicts reviewed."
007-7484738,4,4.5,Larry
007-7484738,5,5.1,"> For example, it would be very useful so that the final WG schedule was available more than 21 days in advance, in order to get advanced purchase tickets."
007-7484738,5,5.2,"> This would mean that the apps area schedule should be set tentatively 30-35 days in advance, so that the draft IETF schedule could be published and conflicts reviewed."
007-7484738,5,5.3,I'd like to second this notion.
007-7484738,5,5.4,Many folks in smaller companies are under severe budget constraints and have difficulty justifying participation in IETF meetings.
007-7484738,5,5.5,"The advance notice helps reduce travel costs, which in turn helps more people attend."
007-7484738,5,5.6,It would make my life easier.
007-7484738,5,5.7,Richard Shockey
007-7484738,5,5.8,Shockey Consulting LLC
007-7484738,5,5.9,8045 Big Bend Blvd. Suite 110
007-7484738,5,5.10,"St. Louis, MO 63119"
007-7484738,5,5.11,Voice 314.918.9020
007-7484738,5,5.12,Fax 314.918.9015
007-7484738,5,5.13,INTERNET Mail &amp; IFAX : rshockey@ix.netcom.com
015-2625401,1,1.1,"hi all,"
015-2625401,1,1.2,"As outlined at the face to face meet, I've been working on methods of getting coordinate information about the locations of Semantic web researchers and groups."
015-2625401,1,1.3,I wrote to the www-rdf-interest list asking for data:
015-2625401,1,1.4,http://lists.w3.org/Archives/Public/www-rdf-interest/2003Apr/0252.html
015-2625401,1,1.5,so we'll have to see how that pans out.
015-2625401,1,1.6,Please do add yourselves if you've not already there (I just did a few as examples).
015-2625401,1,1.7,"There are some SVG demos, developed from ones by Jim Ley, displaying the information we have already, which I constructed as examples:"
015-2625401,1,1.8,http://www.w3.org/2001/sw/Europe/200303/geo/intro.html#demos
015-2625401,1,1.9,"So, now we have to decide on the map which we will use to overlay the dots on."
015-2625401,1,1.10,"We want something that will highlight Europe, especially since on a world map, Europe is too small to really show up on provide the level of detail we require."
015-2625401,1,1.11,"At ILRT, Caroline Meek, Dan and I have had discussions with a designer, and he has pointed us at some examples, and we've narrowed it down to two that we rather like:"
015-2625401,1,1.12,http://www.cadmium.co.uk/thumbs/brand%20x/maps%20and%20globes/t_bxp_c31027.jpg.jpg
015-2625401,1,1.13,"which has the advantage of showing Europe as part of the world (we could get rid of the arm of the globe that is showing, and alter the colours);"
015-2625401,1,1.14,and http://www.cadmium.co.uk/thumbs/ds/maps%20and%20globes/t_11407324.jpg.jpg
015-2625401,1,1.15,"which would be technically simpler to do, but shows Europe in isolation (I do like the colour scheme though)."
015-2625401,1,1.16,Do people have a preference for one style over the other?
015-2625401,1,1.17,Could you let us know today if possible?
015-2625401,1,1.18,We need to specify the map as soon as possible in order to get postcards printed for www2003.
015-2625401,1,1.19,"thanks,"
015-2625401,1,1.20,Libby
015-2625401,1,1.21,p.s. Here's a nice similar idea:
015-2625401,1,1.22,http://www.asemantics.net/showcase/zoom.html
015-2625401,2,2.1,> Do people have a preference for one style over the other?
015-2625401,2,2.2,> Could you let us know today if possible?
015-2625401,2,2.3,> We need to specify the map as soon as possible in order to get postcards printed for www2003.
015-2625401,2,2.4,"Can't say I'm particularly grabbed by either of them, but if you have to pick one I'd go for the map, not the globe."
015-2625401,2,2.5,Is there any reason it has to be geographically accurate?
015-2625401,2,2.6,"Perhaps a schematic, analogous to the London Underground map of London, would allow you to convey the sense of spatial distribution without getting hung up on the scale problem."
015-2625401,2,2.7,"Of course, you may not consider that a helpful suggestion given the short timescale :-)"
015-2625401,2,2.8,"Cheers,"
015-2625401,2,2.9,Ian
015-2625401,3,3.1,"* Dickinson, Ian J &lt;Ian.Dickinson@hp.com&gt; [2003-04-25 12:12+0100]"
015-2625401,3,3.2,> From: Libby Miller [mailto:Libby.Miller@bristol.ac.uk]
015-2625401,3,3.3,>> Do people have a preference for one style over the other?
015-2625401,3,3.4,>> Could you let us know today if possible?
015-2625401,3,3.5,>> We need to specify the map as soon as possible in order to get postcards printed for www2003.
015-2625401,3,3.6,"> Can't say I'm particularly grabbed by either of them, but if you have to pick one I'd go for the map, not the globe."
015-2625401,3,3.7,> Is there any reason it has to be geographically accurate?
015-2625401,3,3.8,"> Perhaps a schematic, analogous to the London Underground map of London, would allow you to convey the sense of spatial distribution without getting hung up on the scale problem."
015-2625401,3,3.9,"> Of course, you may not consider that a helpful suggestion given the short timescale :-)"
015-2625401,3,3.10,"One advantage of being geographically accurate is it simplifies our lives when we try to plot SW researchers, groups, events etc on the map..."
015-2625401,3,3.11,"I prefer the map to the globe, fwiw."
015-2625401,3,3.12,Dan
015-2625401,4,4.1,"yeah, sorry it's such a rush."
015-2625401,4,4.2,It took a long time to write the document explaining how to write the RDF.
015-2625401,4,4.3,At this stage we really need examples to show the designer though
015-2625401,4,4.4,"- I'll pass your comments along to him, see if he has anything like that."
015-2625401,4,4.5,What don't you like about them in particular?
015-2625401,4,4.6,thanks for the feedback
015-2625401,4,4.7,Libby
015-2625401,4,4.8,"On Fri, 25 Apr 2003, Dickinson, Ian J wrote:"
015-2625401,4,4.9,> From: Libby Miller [mailto:Libby.Miller@bristol.ac.uk]
015-2625401,4,4.10,>> Do people have a preference for one style over the other?
015-2625401,4,4.11,>> Could you let us know today if possible?
015-2625401,4,4.12,>> We need to specify the map as soon as possible in order to get postcards printed for www2003.
015-2625401,4,4.13,"> Can't say I'm particularly grabbed by either of them, but if you have to pick one I'd go for the map, not the globe."
015-2625401,4,4.14,> Is there any reason it has to be geographically accurate?
015-2625401,4,4.15,"> Perhaps a schematic, analogous to the London Underground map of London, would allow you to convey the sense of spatial distribution without getting hung up on the scale problem."
015-2625401,4,4.16,"> Of course, you may not consider that a helpful suggestion given the short timescale :-)"
015-2625401,4,4.17,"> Cheers,"
015-2625401,4,4.18,> Ian
015-2625401,5,5.1,"Hi Libby,"
015-2625401,5,5.2,> What don't you like about them in particular?
015-2625401,5,5.3,"The globe is too visually busy for a background (imho), and if you decrease the opacity I think you'll lose too much of the important bits (like where the UK is :-)."
015-2625401,5,5.4,"The map would be OK as a backdrop for the FOAF map if it was semi-opaque, but (a) it misses out the rest of the world, as you said yourself, and (b) there's a big blue empty space on the left :-)."
015-2625401,5,5.5,"The atlantic is just too big** if you keep it to scale, hence my suggestion to use more of a schematic approach."
015-2625401,5,5.6,"I guess you need the cartographical equivalent of an ellipsis, whatever that might be!"
015-2625401,5,5.7,"Cheers,"
015-2625401,5,5.8,Ian
015-2625401,5,5.9,"** qv ""[the judge] ruled that the guilty party was 'life itself' for failing"
015-2625401,5,5.10,"to be either beautiful or true"" [hhgtg]"
015-2625401,6,6.1,thanks Ian.
015-2625401,6,6.2,I broadly agree with you.
015-2625401,6,6.3,"For (b) though, that might work in our favour, as we can put a logo and/or a slogan there."
015-2625401,6,6.4,Libby
015-2625401,6,6.5,"On Fri, 25 Apr 2003, Dickinson, Ian J wrote:"
015-2625401,6,6.6,"> Hi Libby,"
015-2625401,6,6.7,>> What don't you like about them in particular?
015-2625401,6,6.8,"> The globe is too visually busy for a background (imho), and if you decrease the opacity I think you'll lose too much of the important bits (like where the UK is :-)."
015-2625401,6,6.9,"> The map would be OK as a backdrop for the FOAF map if it was semi-opaque, but (a) it misses out the rest of the world, as you said yourself, and (b) there's a big blue empty space on the left :-)."
015-2625401,6,6.10,"> The atlantic is just too big** if you keep it to scale, hence my suggestion to use more of a schematic approach."
015-2625401,6,6.11,"> I guess you need the cartographical equivalent of an ellipsis, whatever that might be!"
015-2625401,6,6.12,"> Cheers,"
015-2625401,6,6.13,> Ian
015-2625401,6,6.14,"> ** qv ""[the judge] ruled that the guilty party was 'life itself' for failing to be either beautiful or true"" [hhgtg]"
023-2964247,1,1.1,I am planning my schedule at CHI 2003 <http://www.chi2003.org/>
023-2964247,1,1.2,- will there be anything happening at the conference related to this W3C User interest group?
023-2964247,1,1.3,"I do not see anything on the program yet, but I suspect we could at least have an informal SIG"
023-2964247,1,1.4,- a chance to meet others and bring someone like me (who missed the workshop) up to speed on what is happening.
023-2964247,1,1.5,"Like all CHIs, there will be many competing activities, so the sooner we can set this up the more likely I can attend."
023-2964247,1,1.6,Keith
023-2964247,1,1.7,--
023-2964247,1,1.8,keith@instone.org http://keith.instone.org/
023-2964247,2,2.1,I will be at CHI.
023-2964247,2,2.2,I sent an email to Steven Pemberton about getting an update on his draft of the charter and its status at W3C.
023-2964247,2,2.3,I really would like to get some updated info. before planning an informal SIG.
023-2964247,2,2.4,"However, if you email me that you are interested in meeting at CHI, I can try to arrange something--"
023-2964247,2,2.5,either signing up for an informal sig or arranging to meet for lunch or something.
023-2964247,2,2.6,Sharon
023-2964247,2,2.7,Quoting Keith Instone &lt;keith@instone.org&gt; :
023-2964247,2,2.8,> I am planning my schedule at CHI 2003 &lt;http://www.chi2003.org/&gt; -
023-2964247,2,2.9,> will there be anything happening at the conference related to this  W3C User interest group?
023-2964247,2,2.10,"> I do not see anything on the program yet, but I suspect we could at least have an informal SIG"
023-2964247,2,2.11,> - a chance to meet others and bring someone like me (who missed the workshop) up to speed on what is happening.
023-2964247,2,2.12,"> Like all CHIs, there will be many competing activities, so the sooner we can set this up the more likely I can attend."
023-2964247,2,2.13,> Keith
023-2964247,2,2.14,> keith@instone.org http://keith.instone.org/
023-2964247,3,3.1,It's been quite a while since I've seen any traffic on this list serv.
023-2964247,3,3.2,I had to check with Matt May to make sure things were still in synch on the working group.
023-2964247,3,3.3,Let's not lose our zeal folks!
023-2964247,3,3.4,-Mike
023-2964247,3,3.5,-----Original Message-----
023-2964247,3,3.6,> I will be at CHI.
023-2964247,3,3.7,> I sent an email to Steven Pemberton about getting an update on his draft of the charter and its status at W3C.
023-2964247,3,3.8,> I really would like to get some updated info. before planning an informal SIG.
023-2964247,3,3.9,"> However, if you email me that you are interested in meeting at CHI, I can try to arrange something"
023-2964247,3,3.10,> -- either signing up for an informal sig or arranging to meet for lunch or something.
023-2964247,3,3.11,> Sharon
023-2964247,3,3.12,Quoting Keith Instone <keith@instone.org> :
023-2964247,3,3.13,>> I am planning my schedule at CHI 2003 &lt;http://www.chi2003.org/&gt; -
023-2964247,3,3.14,>> will there be anything happening at the conference related to this  W3C User interest group?
023-2964247,3,3.15,">> I do not see anything on the program yet, but I suspect we could at least have an informal SIG"
023-2964247,3,3.16,>> - a chance to meet others and bring someone like me (who missed the workshop) up to speed on what is happening.
023-2964247,3,3.17,">> Like all CHIs, there will be many competing activities, so the sooner we can set this up the more likely I can attend."
023-2964247,3,3.18,>> Keith
023-2964247,3,3.19,>> keith@instone.org http://keith.instone.org/
023-2964247,4,4.1,"I think we decided at the NIST meetings to have our next meeting at CHI, and I have been planning on such a meeting there."
023-2964247,4,4.2,Did this plan change?
023-2964247,4,4.3,Chip
023-2964247,4,4.4,Sharon Laskowski wrote:
023-2964247,4,4.5,> I will be at CHI.
023-2964247,4,4.6,> I sent an email to Steven Pemberton about getting an update on his draft of the charter and its status at W3C.
023-2964247,4,4.7,> I really would like to get some updated info. before planning an informal SIG.
023-2964247,4,4.8,"> However, if you email me that you are interested in meeting at CHI, I can try to arrange something"
023-2964247,4,4.9,> -- either signing up for an informal sig or arranging to meet for lunch or something.
023-2964247,4,4.10,> Sharon
023-2964247,4,4.11,> Quoting Keith Instone &lt;keith@instone.org&gt; :
023-2964247,4,4.12,>> I am planning my schedule at CHI 2003 &lt;http://www.chi2003.org/&gt; -
023-2964247,4,4.13,>> will there be anything happening at the conference related to this  W3C User interest group?
023-2964247,4,4.14,">> I do not see anything on the program yet, but I suspect we could at least have an informal SIG"
023-2964247,4,4.15,>> - a chance to meet others and bring someone like me (who missed the workshop) up to speed on what is happening.
023-2964247,4,4.16,">> Like all CHIs, there will be many competing activities, so the sooner we can set this up the more likely I can attend."
023-2964247,4,4.17,>> Keith
023-2964247,4,4.18,>> keith@instone.org http://keith.instone.org/
023-2964247,4,4.19,--
023-2964247,4,4.20,__________________________________________________________
023-2964247,4,4.21,C h i p A l e x a n d e r
023-2964247,4,4.22,"Design Lead, User Interface Guidelines"
023-2964247,4,4.23,CTO-User Experience Group Chip.Alexander@sun.com
023-2964247,4,4.24,"Sun Microsystems, Menlo Park 650/786-4551 (or x84551)"
023-2964247,4,4.25,__________________________________________________________
023-2964247,5,5.1,I have been in contact with Steven Pemberton.
023-2964247,5,5.2,Here is the plan for CHI:
023-2964247,5,5.3,I will sign up for an informal SIG at CHI.
023-2964247,5,5.4,"I haven't found out the time slots yet, but will try to today."
023-2964247,5,5.5,"For those of you who want to attend the sig, let me know if you have any hard constraints and I will try to sign up for a time to accommodate as many people as possible."
023-2964247,5,5.6,Steven and I will also meet at CHI for planning purposes.
023-2964247,5,5.7,Sharon
023-2964247,6,6.1,The most convenient time to schedule the W3C UIG informal sig discussion is: Tuesday 4/8 1-2:30pm
023-2964247,6,6.2,This is the lunchtime slot.
023-2964247,6,6.3,I don't think we will need the entire 90 minutes so there will be time for lunch afterwards.
023-2964247,6,6.4,"As of Friday, this slot was still open for an informal SIG."
023-2964247,6,6.5,"If this is not available or there are conflicts, Wednesday 4/9 1-2:30 will be the backup."
023-2964247,6,6.6,I will email the informal SIG people and get on the schedule this afternoon and confirm via this listserv.
023-2964247,6,6.7,Hope to see you next week.
023-2964247,6,6.8,Sharon
023-2964247,7,7.1,CHI attendees:
023-2964247,7,7.2,We have a confirmed Informal SIG time slot for the W3C Usability Interest Group Planning at CHI:
023-2964247,7,7.3,Tuesday 4/8 1-2:30
023-2964247,7,7.4,Sharon
026-4380722,1,1.1,We are trying to do advanced planning for a F2F in September.
026-4380722,1,1.2,"Because of the membership overlap with the OASIS BPEL TC, we would like to try and co-locate with their meetings."
026-4380722,1,1.3,"This is not a joint meeting, and is being proposed purely to ease travel logistics and members' costs."
026-4380722,1,1.4,"The OASIS TC is proposing to meet 17 (afternoon), 18, and 19 September, either in Seattle or Germany."
026-4380722,1,1.5,"Thus it makes sense to try and meet on 15, 16, and 17 (Morning) September."
026-4380722,1,1.6,Can people check their diaries for these dates and inform the chairs asap.
026-4380722,1,1.7,"SAP have offered to host the meeting in Germany (thanks Kevin), but should the BPEL TC decide to meet in Seattle, we would need to find a host."
026-4380722,1,1.8,Offers gratefully accepted.
026-4380722,1,1.9,"Cheers,"
026-4380722,1,1.10,Martin.
026-4380722,1,1.11,_________________________________________________________________
026-4380722,1,1.12,Martin Chapman 500 Oracle Parkway
026-4380722,1,1.13,Consulting Member of Technical Staff Ms 4op990
026-4380722,1,1.14,"Oracle Redwood Shores,"
026-4380722,1,1.15,P: +1 650 506 6941 CA 94065
026-4380722,1,1.16,e: martin.chapman@oracle.com USA
026-4380722,2,2.1,Where in Germany?
026-4380722,2,2.2,"On Friday, May 30, 2003, at 09:13 AM, Martin Chapman wrote:"
026-4380722,2,2.3,> We are trying to do advanced planning for a F2F in September.
026-4380722,2,2.4,"> Because of the membership overlap with the OASIS BPEL TC, we would like to try and co-locate with their meetings."
026-4380722,2,2.5,"> This is not a joint meeting, and is being proposed purely to ease travel logistics and members' costs."
026-4380722,2,2.6,"> The OASIS TC is proposing to meet 17 (afternoon), 18, and 19 September, either in Seattle or Germany."
026-4380722,2,2.7,"> Thus it makes sense to try and meet on 15, 16, and 17 (Morning) September."
026-4380722,2,2.8,> Can people check their diaries for these dates and inform the chairs asap.
026-4380722,2,2.9,"> SAP have offered to host the meeting in Germany (thanks Kevin), but should the BPEL TC decide to meet in Seattle, we would need to find a host."
026-4380722,2,2.10,> Offers gratefully accepted.
026-4380722,2,2.11,"> Cheers,"
026-4380722,2,2.12,> Martin.
026-4380722,2,2.13,> _________________________________________________________________
026-4380722,2,2.14,> Martin Chapman 500 Oracle Parkway
026-4380722,2,2.15,> Consulting Member of Technical Staff Ms 4op990
026-4380722,2,2.16,"> Oracle Redwood Shores,"
026-4380722,2,2.17,> P: +1 650 506 6941 CA 94065
026-4380722,2,2.18,> e: martin.chapman@oracle.com USA
026-4380722,3,3.1,SAP is in Waldorf not far from Heidelberg
026-4380722,3,3.2,Francis McCabe wrote:
026-4380722,3,3.3,> Where in Germany?
026-4380722,3,3.4,"> On Friday, May 30, 2003, at 09:13 AM, Martin Chapman wrote:"
026-4380722,3,3.5,>> We are trying to do advanced planning for a F2F in September.
026-4380722,3,3.6,">> Because of the membership overlap with the OASIS BPEL TC, we would like to try and co-locate with their meetings."
026-4380722,3,3.7,">> This is not a joint meeting, and is being proposed purely to ease travel logistics and members' costs."
026-4380722,3,3.8,">> The OASIS TC is proposing to meet 17 (afternoon), 18, and 19 September, either in Seattle or Germany."
026-4380722,3,3.9,">> Thus it makes sense to try and meet on 15, 16, and 17 (Morning) September."
026-4380722,3,3.10,>> Can people check their diaries for these dates and inform the chairs asap.
026-4380722,3,3.11,">> SAP have offered to host the meeting in Germany (thanks Kevin), but should the BPEL TC decide to meet in Seattle, we would need to find a host."
026-4380722,3,3.12,>> Offers gratefully accepted.
026-4380722,3,3.13,">> Cheers,"
026-4380722,3,3.14,>> Martin.
026-4380722,3,3.15,>> _________________________________________________________________
026-4380722,3,3.16,>> Martin Chapman 500 Oracle Parkway
026-4380722,3,3.17,>> Consulting Member of Technical Staff Ms 4op990
026-4380722,3,3.18,">> Oracle Redwood Shores,"
026-4380722,3,3.19,>> P: +1 650 506 6941 CA 94065
026-4380722,3,3.20,>> e: martin.chapman@oracle.com USA
026-4380722,4,4.1,"> The OASIS TC is proposing to meet 17 (afternoon), 18, and 19 September, either in Seattle or Germany."
026-4380722,4,4.2,"> Thus it makes sense to try and meet on 15, 16, and 17 (Morning) September."
026-4380722,4,4.3,> Can people check their diaries for these dates and inform the chairs asap.
026-4380722,4,4.4,mm1: This overlaps with SunNetworks.
026-4380722,4,4.5,Could we investigate trying the next week?
026-4380722,5,5.1,"It's certainly possible, but we shouldn't get into an n-phase transaction:"
026-4380722,5,5.2,if its in germany those that want to attend both meetings get a weekend in Heidelburg.
026-4380722,5,5.3,If BPEl decides to meet in Seattle I'm not sure many would have such a weekend stayover.
026-4380722,5,5.4,Of course of bpel meet the following week ...
026-4380722,5,5.5,You see where I'm going with this!
026-4380722,5,5.6,Mart
026-4380722,5,5.7,> -----Original Message-----
026-4380722,5,5.8,">> The OASIS TC is proposing to meet 17 (afternoon), 18, and 19 September, either in Seattle or Germany."
026-4380722,5,5.9,">> Thus it makes sense to try and meet on 15, 16, and 17 (Morning) September."
026-4380722,5,5.10,>> Can people check their diaries for these dates and inform the chairs asap.
026-4380722,5,5.11,> mm1: This overlaps with SunNetworks.
026-4380722,5,5.12,> Could we investigate trying the next week?
043-10248963,1,1.1,"Having not heard from anyone else, I am going with the Univ. of Calif. at Irvine locations."
043-10248963,1,1.2,Further logistic information will be posted as soon as it is available.
043-10248963,1,1.3,"Thanks,"
043-10248963,1,1.4,Donald
043-10248963,1,1.5,=====================================================================
043-10248963,1,1.6,Donald E. Eastlake 3rd +1 914-276-2668 dee3@torque.pothole.com
043-10248963,1,1.7,"65 Shindegan Hill Road, RR#1 +1 914-784-7913(work) dee3@us.ibm.com"
043-10248963,1,1.8,"Carmel, NY 10512 USA"
043-10248963,2,2.1,"Sorry, I thought we had until the end of the week."
043-10248963,2,2.2,I can offer to hold the meeting here at Microsoft if the wg prefers Seattle at that time.
043-10248963,2,2.3,"Yes, the sun has been known to shine here in August : - )"
043-10248963,2,2.4,Either location is OK with me btw.
043-10248963,2,2.5,--Barb
043-10248963,2,2.6,-----Original Message-----
043-10248963,2,2.7,"> Having not heard from anyone else, I am going with the Univ. of Calif. at Irvine locations."
043-10248963,2,2.8,> Further logistic information will be posted as soon as it is available.
043-10248963,2,2.9,"> Thanks,"
043-10248963,2,2.10,> Donald
043-10248963,2,2.11,> =====================================================================
043-10248963,2,2.12,> Donald E. Eastlake 3rd +1 914-276-2668 dee3@torque.pothole.com
043-10248963,2,2.13,"> 65 Shindegan Hill Road, RR#1 +1 914-784-7913(work) dee3@us.ibm.com"
043-10248963,2,2.14,"> Carmel, NY 10512 USA"
043-10248963,3,3.1,"Has the decision been made, or should I express my preference for Seattle? :)"
043-10248963,3,3.2,-Mark
043-10248963,3,3.3,-----Original Message-----
043-10248963,3,3.4,"> Sorry, I thought we had until the end of the week."
043-10248963,3,3.5,> I can offer to hold the meeting here at Microsoft if the wg prefers Seattle at that time.
043-10248963,3,3.6,"> Yes, the sun has been known to shine here in August : - )"
043-10248963,3,3.7,> Either location is OK with me btw.
043-10248963,3,3.8,> --Barb
043-10248963,3,3.9,> -----Original Message-----
043-10248963,3,3.10,">> Having not heard from anyone else, I am going with the Univ. of Calif. at Irvine locations."
043-10248963,3,3.11,>> Further logistic information will be posted as soon as it is available.
043-10248963,3,3.12,">> Thanks,"
043-10248963,3,3.13,>> Donald
043-10248963,3,3.14,>> =====================================================================
043-10248963,3,3.15,>> Donald E. Eastlake 3rd +1 914-276-2668 dee3@torque.pothole.com
043-10248963,3,3.16,">> 65 Shindegan Hill Road, RR#1 +1 914-784-7913(work) dee3@us.ibm.com"
043-10248963,3,3.17,">> Carmel, NY 10512 USA"
043-10248963,4,4.1,"> Has the decision been made, or should I express my preference for Seattle?"
043-10248963,4,4.2,"Only if we can go to a certain shop, Barb knows what I am talking about :-)"
043-10248963,4,4.3,Peter
043-10248963,4,4.4,---------------------------------
043-10248963,4,4.5,Dr. Peter Lipp
043-10248963,4,4.6,"IAIK, TU Graz"
043-10248963,4,4.7,Email Peter.Lipp@iaik.at
043-10248963,4,4.8,Phone +43 316 873 5513
043-10248963,4,4.9,Fax +43 316 873 5510
043-10248963,4,4.10,Web http://jcewww.iaik.tu-graz.ac.at
043-10248963,4,4.11,application/x-pkcs7-signature attachment: smime.p7s
043-10248963,5,5.1,I'll check into that Peter : - )
043-10248963,5,5.2,--Barb
043-10248963,5,5.3,-----Original Message-----
043-10248963,5,5.4,">> Has the decision been made, or should I express my preference for Seattle?"
043-10248963,5,5.5,"> Only if we can go to a certain shop, Barb knows what I am talking about :-)"
043-10248963,5,5.6,> Peter
043-10248963,5,5.7,> ---------------------------------
043-10248963,5,5.8,> Dr. Peter Lipp
043-10248963,5,5.9,"> IAIK, TU Graz"
043-10248963,5,5.10,> Email Peter.Lipp@iaik.at
043-10248963,5,5.11,> Phone +43 316 873 5513
043-10248963,5,5.12,> Fax +43 316 873 5510
043-10248963,5,5.13,> Web http://jcewww.iaik.tu-graz.ac.at
043-10248963,6,6.1,There has been very little comment either way on this at the meeting or on the list.
043-10248963,6,6.2,The problem is that W3C rules require 6 weeks notice of meetings which I believe applies to time and location.
043-10248963,6,6.3,"Assuming this is true, I think we have to go with the UC Irvine location unless we want to postpone the meeting...."
043-10248963,6,6.4,Donald
043-10248963,6,6.5,"Donald E. Eastlake, 3rd"
043-10248963,6,6.6,"17 Skyline Drive, Hawthorne, NY 10532 USA"
043-10248963,6,6.7,"dee3@us.ibm.com tel: 1-914-784-7913, fax: 1-914-784-3833"
043-10248963,6,6.8,"home: 65 Shindegan Hill Road, RR#1, Carmel, NY 10512 USA"
043-10248963,6,6.9,"> Has the decision been made, or should I express my preference for Seattle? :)"
043-10248963,6,6.10,> -Mark
043-10248963,6,6.11,> -----Original Message-----
043-10248963,6,6.12,">> Sorry, I thought we had until the end of the week."
043-10248963,6,6.13,>> I can offer to hold the meeting here at Microsoft if the wg prefers Seattle at that time.
043-10248963,6,6.14,">> Yes, the sun has been known to shine here in August : - )"
043-10248963,6,6.15,>> Either location is OK with me btw.
043-10248963,6,6.16,>> --Barb
043-10248963,6,6.17,>> -----Original Message-----
043-10248963,6,6.18,">>> Having not heard from anyone else, I am going with the Univ. of Calif. at Irvine locations."
043-10248963,6,6.19,>>> Further logistic information will be posted as soon as it is available.
043-10248963,6,6.20,">>> Thanks,"
043-10248963,6,6.21,>>> Donald
043-10248963,6,6.22,>>> =====================================================================
043-10248963,6,6.23,>>> Donald E. Eastlake 3rd +1 914-276-2668 dee3@torque.pothole.com
043-10248963,6,6.24,">>> 65 Shindegan Hill Road, RR#1 +1 914-784-7913(work) dee3@us.ibm.com"
043-10248963,6,6.25,">>> Carmel, NY 10512 USA"
043-10248963,7,7.1,"Pesonally - If we are going to do ""it"" in Washington State, My vote is for Seattle rather than Redmond, unless we are are all camping at ""Bill's new place on the lake"" and you are making arrangements to have us shuttle in from SeaTac to the private Microsoft Airport."
043-10248963,7,7.2,Staging in Seattle saves the bulk of us the drive out to Redmond.
043-10248963,7,7.3,I myself would rather see us there staying at someplace like the Edgewater than in Redmond by far.
043-10248963,7,7.4,"It's really easier to get to and has more night-life, etc etc etc."
043-10248963,7,7.5,A number of us have personal experience of the Edgewater's facilities from one of last year's ISC Meetings we had there.
043-10248963,7,7.6,"Very good site and lots of reasoably priced facilities in the area and Pikes Market Arcade Area is a hop, skip, and a jump away."
043-10248963,7,7.7,"Otherwise, by my vote - Sourthern California is fine by me."
043-10248963,7,7.8,Todd
043-10248963,7,7.9,----- Original Message -----
043-10248963,7,7.10,> I'll check into that Peter : - )
043-10248963,7,7.11,> --Barb
043-10248963,7,7.12,> -----Original Message-----
043-10248963,7,7.13,">>> Has the decision been made, or should I express my preference for Seattle?"
043-10248963,7,7.14,">> Only if we can go to a certain shop, Barb knows what I am talking about :-)"
043-10248963,7,7.15,>> Peter
043-10248963,7,7.16,>> ---------------------------------
043-10248963,7,7.17,>> Dr. Peter Lipp
043-10248963,7,7.18,">> IAIK, TU Graz"
043-10248963,7,7.19,>> Email Peter.Lipp@iaik.at
043-10248963,7,7.20,>> Phone +43 316 873 5513
043-10248963,7,7.21,>> Fax +43 316 873 5510
043-10248963,7,7.22,>> Web http://jcewww.iaik.tu-graz.ac.at
043-10248963,7,7.23,>>
043-10248963,7,7.24,>>
043-10248963,8,8.1,I think Don's post just closed the issue.
043-10248963,8,8.2,It's in Irvine.
043-10248963,8,8.3,-----Original Message-----
043-10248963,8,8.4,"> Pesonally - If we are going to do ""it"" in Washington State, My vote is for Seattle rather than Redmond, unless we are are all camping at ""Bill's new place on the lake"" and you are making arrangements to have us shuttle in from SeaTac to the private Microsoft Airport."
043-10248963,8,8.5,> Staging in Seattle saves the bulk of us the drive out to Redmond.
043-10248963,8,8.6,> I myself would rather see us there staying at someplace like the Edgewater than in Redmond by far.
043-10248963,8,8.7,"> It's really easier to get to and has more night-life, etc etc etc."
043-10248963,8,8.8,> A number of us have personal experience of the Edgewater's facilities from one of last year's ISC Meetings we had there.
043-10248963,8,8.9,"> Very good site and lots of reasoably priced facilities in the area and Pikes Market Arcade Area is a hop, skip, and a jump away."
043-10248963,8,8.10,"> Otherwise, by my vote - Sourthern California is fine by me."
043-10248963,8,8.11,> Todd
043-10248963,8,8.12,> ----- Original Message -----
043-10248963,8,8.13,>> I'll check into that Peter : - )
043-10248963,8,8.14,>> --Barb
043-10248963,8,8.15,>> -----Original Message-----
043-10248963,8,8.16,">>>> Has the decision been made, or should I express my preference for Seattle?"
043-10248963,8,8.17,">>> Only if we can go to a certain shop, Barb knows what I am talking about :-)"
043-10248963,8,8.18,>>> Peter
043-10248963,8,8.19,>>> ---------------------------------
043-10248963,8,8.20,>>> Dr. Peter Lipp
043-10248963,8,8.21,">>> IAIK, TU Graz"
043-10248963,8,8.22,>>> Email Peter.Lipp@iaik.at
043-10248963,8,8.23,>>> Phone +43 316 873 5513
043-10248963,8,8.24,>>> Fax +43 316 873 5510
043-10248963,8,8.25,>>> Web http://jcewww.iaik.tu-graz.ac.at
053-15491914,1,1.1,"I propose to cancel this weeks telecon and schedule another for 12 Mar 2004, if needed."
053-15491914,1,1.2,I would like to get moving on comments on the TAG architecture document.
053-15491914,1,1.3,Jan - are you still up for reviewing?
053-15491914,1,1.4,Can we aim to get other comments in by the end of this week and agreement by email next week?
053-15491914,1,1.5,Brian
053-15491914,2,2.1,"&gt; I propose to cancel this weeks telecon and schedule another for 12 Mar 2004, if needed."
053-15491914,2,2.2,&gt; I would like to get moving on comments on the TAG architecture document.
053-15491914,2,2.3,&gt; Jan - are you still up for reviewing?
053-15491914,2,2.4,&gt; Can we aim to get other comments in by the end of this week and agreement by email next week?
053-15491914,2,2.5,&gt; Brian
053-15491914,2,2.6,"I think that means we will not formally respond to I18N on the charmod comments, shall I tell them that we do not intend to, but that the e-mail discussion has not shown any disagreement."
053-15491914,2,2.7,"e.g. I have informed the RDF Core WG of your decisions, and no one has indicated unhappiness"
053-15491914,2,2.8,- however we have not formally discussed these issues;
053-15491914,2,2.9,and are not likely to.
053-15491914,2,2.10,Jeremy
053-15491914,3,3.1,"&gt;&gt; I propose to cancel this weeks telecon and schedule another for 12 Mar 2004, if needed."
053-15491914,3,3.2,&gt;&gt; I would like to get moving on comments on the TAG architecture document.
053-15491914,3,3.3,&gt;&gt; Jan - are you still up for reviewing?
053-15491914,3,3.4,&gt;&gt; Can we aim to get other comments in by the end of this week and agreement by email next week?
053-15491914,3,3.5,&gt;&gt; Brian
053-15491914,3,3.6,"&gt; I think that means we will not formally respond to I18N on the charmod comments, shall I tell them that we do not intend to, but that the e-mail discussion has not shown any disagreement."
053-15491914,3,3.7,Ah.
053-15491914,3,3.8,Is this a problem.
053-15491914,3,3.9,Have I understood correctly they are going through last call again anyway.
053-15491914,3,3.10,"&gt; e.g. I have informed the RDF Core WG of your decisions, and no one has indicated unhappiness"
053-15491914,3,3.11,&gt; - however we have not formally discussed these issues;
053-15491914,3,3.12,&gt; and are not likely to.
053-15491914,3,3.13,&gt; Jeremy
053-15491914,3,3.14,When is the deadline?
053-15491914,3,3.15,I'm prepared to decide by email so we can formally respond by email.
053-15491914,3,3.16,Brian
053-15491914,4,4.1,&gt; I propose to cancel this weeks telecon
053-15491914,4,4.2,Im assuming that they are all cancelled unless I hear otherwise.
053-15491914,4,4.3,Maybe that should be our default?
053-15491914,4,4.4,"&gt; and schedule another for 12 Mar 2004, if needed."
053-15491914,4,4.5,&gt; I would like to get moving on comments on the TAG architecture document.
053-15491914,4,4.6,I still plan to write a rather long diatribe on this if I can find the time.
053-15491914,4,4.7,"I doubt if the rest of the WG will endorse all of it but I will send it along asap, hopefully some time next week."
053-15491914,4,4.8,Pat
053-15491914,4,4.9,--
053-15491914,4,4.10,---------------------------------------------------------------------
053-15491914,4,4.11,IHMC(850)434 8903 or (650)494 3973 home
053-15491914,4,4.12,40 South Alcaniz St.(850)202 4416 office
053-15491914,4,4.13,Pensacola(850)202 4440 fax
053-15491914,4,4.14,FL 32501(850)291 0667 cell
053-15491914,4,4.15,phayes@ihmc.us http://www.ihmc.us/users/phayes
053-15491914,5,5.1,"Likewise, whether or not anyone else in the WG agrees with any of my own personal comments, c.f. http://lists.w3.org/Archives/Public/www-archive/2004Feb/0003.html"
053-15491914,5,5.2,Patrick
053-15491914,5,5.3,&gt;&gt; I propose to cancel this weeks telecon
053-15491914,5,5.4,&gt; Im assuming that they are all cancelled unless I hear otherwise.
053-15491914,5,5.5,&gt; Maybe that should be our default?
053-15491914,5,5.6,"&gt;&gt; and schedule another for 12 Mar 2004, if needed."
053-15491914,5,5.7,&gt;&gt; I would like to get moving on comments on the TAG architecture document.
053-15491914,5,5.8,&gt; I still plan to write a rather long diatribe on this if I can find the time.
053-15491914,5,5.9,"&gt; I doubt if the rest of the WG will endorse all of it but I will send it along asap, hopefully some time next week."
053-15491914,5,5.10,&gt; Pat
053-15491914,5,5.11,&gt; --
053-15491914,5,5.12,&gt; ---------------------------------------------------------------------
053-15491914,5,5.13,&gt; IHMC(850)434 8903 or (650)494 3973 home
053-15491914,5,5.14,&gt; 40 South Alcaniz St.(850)202 4416 office
053-15491914,5,5.15,&gt; Pensacola(850)202 4440 fax
053-15491914,5,5.16,&gt; FL 32501(850)291 0667 cell
053-15491914,5,5.17,&gt; phayes@ihmc.us http://www.ihmc.us/users/phayes
053-15491914,5,5.18,&gt; --
053-15491914,5,5.19,&gt; Patrick Stickler
053-15491914,5,5.20,"&gt; Nokia, Finland"
053-15491914,5,5.21,&gt; patrick.stickler@nokia.com
053-15491914,6,6.1,&gt; Ah.
053-15491914,6,6.2,&gt; Is this a problem.
053-15491914,6,6.3,&gt; Have I understood correctly they are going through last call again anyway.
053-15491914,6,6.4,Yes -
053-15491914,6,6.5,I could change my draft informal response to indicate that if we have any other formal response it will be included in our LC review comments on their new documents.
053-15491914,6,6.6,&gt;&gt; e.g.
053-15491914,6,6.7,"&gt;&gt; I have informed the RDF Core WG of your decisions, and no one has indicated unhappiness"
053-15491914,6,6.8,&gt;&gt; - however we have not formally discussed these issues;
053-15491914,6,6.9,&gt;&gt; and are not likely to.
053-15491914,6,6.10,&gt; When is the deadline?
053-15491914,6,6.11,&gt; I'm prepared to decide by email so we can formally respond by email.
053-15491914,6,6.12,Two weeks from when I received the message ....
053-15491914,6,6.13,i.e. during Cannes
053-15491914,6,6.14,"- I suspect that is also the real deadline, in that I imagine they want to make their final decisions at Cannes"
053-15491914,6,6.15,"I am happy to draft a formal response that is pretty vacuous, for e-mail vote."
053-15491914,6,6.16,Jeremy
053-15491914,7,7.1,&gt;&gt; I propose to cancel this weeks telecon
053-15491914,7,7.2,&gt; Im assuming that they are all cancelled unless I hear otherwise.
053-15491914,7,7.3,&gt; Maybe that should be our default?
053-15491914,7,7.4,That is a reasonable working assumption.
053-15491914,7,7.5,I've been announcing telecon's in advance and cancelling if not needed to keep within w3c process.
053-15491914,7,7.6,Brian
053-15491914,8,8.1,"&gt; I am happy to draft a formal response that is pretty vacuous, for e-mail vote."
053-15491914,8,8.2,Please do.
053-15491914,8,8.3,Brian
053-15927827,1,1.1,"I've got an opportunity to do some fun family stuff this Friday, so I'd like to know whether it conflicts with an RDF Core telcon."
053-15927827,1,1.2,"I haven't seen notice, and we're less than 7 days away, so I presume there's no WG telcon this week."
053-15927827,1,1.3,Sorry if I missed an announcement to that effect.
053-15927827,1,1.4,"If the WG meets, I suppose it'll be somewhat unofficially."
053-15927827,1,1.5,"In that case, I offer regrets."
053-15927827,1,1.6,--
053-15927827,1,1.7,"Dan Connolly, W3C http://www.w3.org/People/Connolly/"
053-15927827,2,2.1,"Hmm,"
053-15927827,2,2.2,I was just wondering that myself.
053-15927827,2,2.3,I see the following possible agenda items for a telecon:
053-15927827,2,2.4,a) wording changes to the semantics doc
053-15927827,2,2.5,b) advice to the CG about what to do about postponed issues
053-15927827,2,2.6,"Dan, would you like the WG to meet to discuss/approve the proposed wording changes?"
053-15927827,2,2.7,Will the 16th be soon enough?
053-15927827,2,2.8,"Eric, is the CG seeking input from the WG about b)."
053-15927827,2,2.9,"WG, do folks want to meet to discuss a), b) or anything else?"
053-15927827,2,2.10,"I will send a formal notification of a telecon for 16th Jan, but will cancel if its not needed."
053-15927827,2,2.11,"Dan, I hope you have fun on Friday."
053-15927827,2,2.12,Brian
053-15927827,2,2.13,"&gt; I've got an opportunity to do some fun family stuff this Friday, so I'd like to know whether it conflicts with an RDF Core telcon."
053-15927827,2,2.14,"&gt; I haven't seen notice, and we're less than 7 days away, so I presume there's no WG telcon this week."
053-15927827,2,2.15,&gt; Sorry if I missed an announcement to that effect.
053-15927827,2,2.16,"&gt; If the WG meets, I suppose it'll be somewhat unofficially."
053-15927827,2,2.17,"&gt; In that case, I offer regrets."
053-15927827,2,2.18,--
053-15927827,2,2.19,"Dan Connolly, W3C http://www.w3.org/People/Connolly/"
053-15927827,3,3.1,"&gt; Hmm,"
053-15927827,3,3.2,&gt; I was just wondering that myself.
053-15927827,3,3.3,&gt; I see the following possible agenda items for a telecon:
053-15927827,3,3.4,&gt; a) wording changes to the semantics doc
053-15927827,3,3.5,&gt; b) advice to the CG about what to do about postponed issues
053-15927827,3,3.6,"&gt; Dan, would you like the WG to meet to discuss/approve the proposed wording changes?"
053-15927827,3,3.7,&gt; Will the 16th be soon enough?
053-15927827,3,3.8,"&gt; Eric, is the CG seeking input from the WG about b)."
053-15927827,3,3.9,Yes.
053-15927827,3,3.10,This issue was on last Monday's SW-CG agenda but time ran out before we were able to discuss this.
053-15927827,3,3.11,The need isn't urgent (e.g. no need to have a rdf-core call just for this issue) but should be addressed some time by the end of the month.
053-15927827,3,3.12,--
053-15927827,3,3.13,eric miller http://www.w3.org/people/em/
053-15927827,3,3.14,semantic web activity lead http://www.w3.org/2001/sw/
053-15927827,3,3.15,w3c world wide web consortium http://www.w3.org/
053-15927827,4,4.1,"&gt; Hmm,"
053-15927827,4,4.2,&gt; I was just wondering that myself.
053-15927827,4,4.3,&gt; I see the following possible agenda items for a telecon:
053-15927827,4,4.4,&gt; a) wording changes to the semantics doc
053-15927827,4,4.5,&gt; b) advice to the CG about what to do about postponed issues
053-15927827,4,4.6,"&gt; Dan, would you like the WG to meet to discuss/approve the proposed wording changes?"
053-15927827,4,4.7,yes.
053-15927827,4,4.8,&gt; Will the 16th be soon enough?
053-15927827,4,4.9,"Good question, but I haven't done the relevant calendar research to figure it out."
053-15927827,4,4.10,"EricM, I leave that to you."
053-15927827,4,4.11,Call/page me if you'd like help.
053-15927827,4,4.12,"&gt; Eric, is the CG seeking input from the WG about b)."
053-15927827,4,4.13,"&gt; WG, do folks want to meet to discuss a), b) or anything else?"
053-15927827,4,4.14,"&gt; I will send a formal notification of a telecon for 16th Jan, but will cancel if its not needed."
053-15927827,4,4.15,"&gt; Dan, I hope you have fun on Friday."
053-15927827,4,4.16,Likewise. 1/2 ;-)
053-15927827,4,4.17,&gt; Brian
053-15927827,4,4.18,"&gt;&gt; I've got an opportunity to do some fun family stuff this Friday, so I'd like to know whether it conflicts with an RDF Core telcon."
053-15927827,4,4.19,"&gt;&gt; I haven't seen notice, and we're less than 7 days away, so I presume there's no WG telcon this week."
053-15927827,4,4.20,&gt;&gt; Sorry if I missed an announcement to that effect.
053-15927827,4,4.21,"&gt;&gt; If the WG meets, I suppose it'll be somewhat unofficially."
053-15927827,4,4.22,"&gt;&gt; In that case, I offer regrets."
053-15927827,4,4.23,"Dan Connolly, W3C http://www.w3.org/People/Connolly/"
053-15927827,5,5.1,&gt; b) advice to the CG about what to do about postponed issues
053-15927827,5,5.2,Personally I prefer not to discuss postponed issues (for new recs?) until we've got this one in the bag.
053-15927827,5,5.3,As HP rep the position I represented was we did not need to resolve these issues in this standardization round.
053-15927827,5,5.4,For the next few weeks that remains the position I wish to represent.
053-15927827,5,5.5,"When we get to rec, I have things that I individually think about the postponed issues and could contribute to a discussion."
053-15927827,5,5.6,Sorry for being so cautious.
053-15927827,5,5.7,Jeremy
053-15927827,6,6.1,&gt;&gt; b) advice to the CG about what to do about postponed issues
053-15927827,6,6.2,&gt; Personally I prefer not to discuss postponed issues (for new recs?) until we've got this one in the bag.
053-15927827,6,6.3,&gt; As HP rep the position I represented was we did not need to resolve these issues in this standardization round.
053-15927827,6,6.4,&gt; For the next few weeks that remains the position I wish to represent.
053-15927827,6,6.5,I was not clear.
053-15927827,6,6.6,"I was not proposing we discuss resolutions of the issues, but suggestions to the CG of how/whether these issues might, at some point in the future be resolved."
053-15927827,6,6.7,"For example, the WG might recommend to the CG that some issues are higher priority than others."
053-15927827,6,6.8,Is that a discussion you feel able to contribute to?
053-15927827,6,6.9,Brian
053-15927827,7,7.1,&gt;&gt;&gt; b) advice to the CG about what to do about postponed issues
053-15927827,7,7.2,&gt;&gt; Personally I prefer not to discuss postponed issues (for new recs?) until we've got this one in the bag.
053-15927827,7,7.3,&gt;&gt; As HP rep the position I represented was we did not need to resolve these issues in this standardization round.
053-15927827,7,7.4,&gt;&gt; For the next few weeks that remains the position I wish to represent.
053-15927827,7,7.5,&gt; I was not clear.
053-15927827,7,7.6,"&gt; I was not proposing we discuss resolutions of the issues, but suggestions to the CG of how/whether these issues might, at some point in the future be resolved."
053-15927827,7,7.7,"&gt; For example, the WG might recommend to the CG that some issues are higher priority than others."
053-15927827,7,7.8,&gt; Is that a discussion you feel able to contribute to?
053-15927827,7,7.9,I am not sure that we can have a procedural only discussion
053-15927827,7,7.10,- I guess if I am unconfortable I will just stay quiet
053-15927827,7,7.11,- and my silence should not be interpreted as assent.
053-15927827,7,7.12,"For instance, I decided to not reply to Grahams msg on the postponed issues despite disagreeing with it."
053-15927827,7,7.13,Jeremy
058-13714734,1,1.1,"Dear all,"
058-13714734,1,1.2,a &quot;heads-up&quot;.
058-13714734,1,1.3,"Hoping that we will have a last call review shortly (see my next email) we are planning a face to face meeting at which we can resolve issues raised, and generally tidy the document up (write up lots more good techniques)."
058-13714734,1,1.4,At the moment we are talking to a potential host in the Boston area about a meeting on thursday and friday 7-8 October.
058-13714734,1,1.5,More details as they come to hand.
058-13714734,1,1.6,cheers
058-13714734,1,1.7,Charles
058-13714734,1,1.8,--Charles McCathieNevile mailto:charles@w3.org
058-13714734,1,1.9,phone: +1 617 258 0992 http://www.w3.org/People/Charles
058-13714734,1,1.10,W3C Web Accessibility Initiative http://www.w3.org/WAI
058-13714734,1,1.11,"MIT/LCS - 545 Technology sq., Cambridge MA, 02139, USA"
058-13714734,2,2.1,"Folks,"
058-13714734,2,2.2,"please note that this meeting would be on at the same time as the ATIA meeting in Orlando, Florida."
058-13714734,2,2.3,If the time is impossible for anyone please let us know as soon as possible
058-13714734,2,2.4,- at the moment the next closest possible times are a week earlier (which will cut into the time available for last call review) or ten days later (which will possibly push our schedule back further).
058-13714734,2,2.5,cheers
058-13714734,2,2.6,Charles
058-13714734,2,2.7,"&gt; Dear all,"
058-13714734,2,2.8,&gt; a &quot;heads-up&quot;.
058-13714734,2,2.9,"&gt; Hoping that we will have a last call review shortly (see my next email) we are planning a face to face meeting at which we can resolve issues raised, and generally tidy the document up (write up lots more good techniques)."
058-13714734,2,2.10,&gt; At the moment we are talking to a potential host in the Boston area about a meeting on thursday and friday 7-8 October.
058-13714734,2,2.11,&gt; More details as they come to hand.
058-13714734,3,3.1,"&gt; Folks,"
058-13714734,3,3.2,"&gt; please note that this meeting would be on at the same time as the ATIA meeting in Orlando, Florida."
058-13714734,3,3.3,&gt; If the time is impossible for anyone please let us know as soon as possible
058-13714734,3,3.4,&gt; - at the moment the next closest possible times are a week earlier (which will cut into the time available for last call review) or ten days later (which will possibly push our schedule back further).
058-13714734,3,3.5,"Hello,"
058-13714734,3,3.6,I have other meetings tentatively scheduled for 6 and 7 October in Boston.
058-13714734,3,3.7,I would probably be able to attend starting the 7th.
058-13714734,3,3.8,- Ian
058-13714734,3,3.9,"&gt; Dear all,"
058-13714734,3,3.10,&gt; a &quot;heads-up&quot;.
058-13714734,3,3.11,"&gt; Hoping that we will have a last call review shortly (see my next email) we are planning a face to face meeting at which we can resolve issues raised, and generally tidy the document up (write up lots more good techniques)."
058-13714734,3,3.12,&gt; At the moment we are talking to a potential host in the Boston area about a meeting on thursday and friday 7-8 October.
058-13714734,3,3.13,&gt; More details as they come to hand.
058-13714734,3,3.14,--
058-13714734,3,3.15,Ian Jacobs (jacobs@w3.org) http://www.w3.org/People/Jacobs
058-13714734,3,3.16,Tel/Fax: +1 212 684-1814
058-13714734,4,4.1,&gt; I have other meetings tentatively scheduled for 6 and 7 October in Boston.
058-13714734,4,4.2,&gt; I would probably be able to attend starting the 7th.
058-13714734,4,4.3,I believe that I will be in Rome on the 6th and 7th.
058-13714734,4,4.4,--
058-13714734,4,4.5,Kynn Bartlett mailto:kynn@hwg.org
058-13714734,4,4.6,"President, HTML Writers Guild http://www.hwg.org/"
058-13714734,4,4.7,AWARE Center Director http://aware.hwg.org/
058-13714734,5,5.1,"Dear working group participants,"
058-13714734,5,5.2,"as discussed, the meeting will indeed be held on thursday 7 and friday 8 October."
058-13714734,5,5.3,"I am pleased to announce that Allaire Corp will be our hosts, and look forward to a productive two days, and some time to say hi."
058-13714734,5,5.4,The nitty-gritty...
058-13714734,5,5.5,Meeting registration is open from now until 1 October.
058-13714734,5,5.6,"register via the meeting page at http://www.w3.org/WAI/AU/f2f-oct99 which also provides details on location, accommodation, etc."
058-13714734,5,5.7,There are a limited number of rooms available in the Royal Sonesta Hotel (which is the meeting venue) at a discounted rate
058-13714734,5,5.8,- in order to qualify for this rate reservations and meeting registration must be completed by September 10.
058-13714734,5,5.9,"Since October is the peak season for Boston hotels, rooms are expensive and hotels book out early, so you are advised to make your plans and reservations as soon as possible."
058-13714734,5,5.10,If you have any questions or special requirements please contact me as early as possible.
058-13714734,5,5.11,Cheers
058-13714734,5,5.12,Charles McCN
058-13714734,5,5.13,"&gt; Dear all,"
058-13714734,5,5.14,&gt; a &quot;heads-up&quot;.
058-13714734,5,5.15,"&gt; Hoping that we will have a last call review shortly (see my next email) we are planning a face to face meeting at which we can resolve issues raised, and generally tidy the document up (write up lots more good techniques)."
058-13714734,5,5.16,&gt; At the moment we are talking to a potential host in the Boston area about a meeting on thursday and friday 7-8 October.
058-13714734,5,5.17,&gt; More details as they come to hand.
058-13714734,5,5.18,&gt; --Charles McCathieNevile mailto:charles@w3.org
058-13714734,5,5.19,&gt; phone: +1 617 258 0992 http://www.w3.org/People/Charles
058-13714734,5,5.20,&gt; W3C Web Accessibility Initiative http://www.w3.org/WAI
058-13714734,5,5.21,"&gt; MIT/LCS - 545 Technology sq., Cambridge MA, 02139, USA"
058-13714734,5,5.22,--Charles McCathieNevile mailto:charles@w3.org
058-13714734,5,5.23,phone: +1 617 258 0992 http://www.w3.org/People/Charles
058-13714734,5,5.24,W3C Web Accessibility Initiative http://www.w3.org/WAI
058-13714734,5,5.25,"MIT/LCS - 545 Technology sq., Cambridge MA, 02139, USA"
058-13714734,6,6.1,"Most important - if you haven't registered yet, don't forget."
058-13714734,6,6.2,http://www.w3.org/WAI/AU/f2f-oct99 for the details.
058-13714734,6,6.3,"Given that there are a small number of us, I thought I would ask what people want to eat for lunch."
058-13714734,6,6.4,"The default choices are roast turkey breast with vegetables (without turkey if you are a vegan), and pasta with vegetable rataouille."
058-13714734,6,6.5,Possible substitutions:
058-13714734,6,6.6,baked Scrod (fish)
058-13714734,6,6.7,chicken caesar salad
058-13714734,6,6.8,hommus roll-up sandwich with salad
058-13714734,6,6.9,salad with crab cakes
058-13714734,6,6.10,churrasco flank steak with chimichurri (??) and onions
058-13714734,6,6.11,I will do this in the following way:
058-13714734,6,6.12,If you cannot eat one of these things please make that very clear.
058-13714734,6,6.13,"It will take at least two votes to change something, and will have to be compatible with what people can't do."
058-13714734,6,6.14,The deadline is 3pm (boston time) Monday.
058-13714734,6,6.15,No response will not be considered a vote for the default
058-13714734,6,6.16,- it will be considered a vote for &quot;whatever gets chosen&quot;
058-13714734,6,6.17,"Sorry to bore you with administrivia, but I figure that having food that people like helps the meeting go well..."
058-13714734,6,6.18,cheers
058-13714734,6,6.19,Charles McCN
058-13714734,6,6.20,--Charles McCathieNevile mailto:charles@w3.org
058-13714734,6,6.21,phone: +1 617 258 0992 http://www.w3.org/People/Charles
058-13714734,6,6.22,W3C Web Accessibility Initiative http://www.w3.org/WAI
058-13714734,6,6.23,"MIT/LCS - 545 Technology sq., Cambridge MA, 02139, USA"
059-11070771,1,1.1,"It is probable that we can arrange a telephone connection, to call in via a US bridge."
059-11070771,1,1.2,"Are there people who are unable to make the face to face meeting, but would like us to have this facility?"
059-11070771,1,1.3,Please respond as soon as possible
059-11070771,1,1.4,- the decision will be made early next week.
059-11070771,1,1.5,cheers
059-11070771,1,1.6,Charles McCN
059-11070771,1,1.7,--
059-11070771,1,1.8,Charles McCathieNevile http://www.w3.org/People/Charles phone: +61 409 134 136
059-11070771,1,1.9,W3C Web Accessibility Initiative http://www.w3.org/WAI fax: +1 617 258 5999
059-11070771,1,1.10,"Location: 21 Mitchell street FOOTSCRAY Vic 3011, Australia"
059-11070771,1,1.11,"(or W3C INRIA, Route des Lucioles, BP 93, 06902 Sophia Antipolis Cedex, France)"
059-11070771,2,2.1,"&gt; Are there people who are unable to make the face to face meeting, but would like us to have this facility?"
059-11070771,2,2.2,At least one &quot;people&quot; would.
059-11070771,2,2.3,--
059-11070771,2,2.4,Love.
059-11070771,2,2.5,ACCESSIBILITY IS RIGHT - NOT PRIVILEGE
059-11070771,3,3.1,And at least on &quot;people&quot; would like you te be present
059-11070771,3,3.2,"- even at the end of a phone line (though in person would be better, of course!)"
059-11070771,3,3.3,"&gt; At 09:28 AM 5/31/01 -0400, Charles McCathieNevile wrote:"
059-11070771,3,3.4,"&gt; &gt; Are there people who are unable to make the face to face meeting, but would like us to have this facility?"
059-11070771,3,3.5,&gt; At least one &quot;people&quot; would.
059-11070771,3,3.6,&gt; --
059-11070771,3,3.7,&gt; Love.
059-11070771,3,3.8,&gt; ACCESSIBILITY IS RIGHT - NOT PRIVILEGE
059-11070771,3,3.9,Marjolein Katsma
059-11070771,3,3.10,HomeSite Help - http://hshelp.com/
059-11070771,3,3.11,Bookstore for Webmasters - http://hshelp.com/bookstore/bookstore.html
059-11070771,4,4.1,Add Phil Jenkins to the list of &quot;on the phone&quot;
059-11070771,4,4.2,"I will not be in the office, so an 800 number would be best."
059-11070771,4,4.3,"Regards,"
059-11070771,4,4.4,"Phill Jenkins, (512) 838-4517"
059-11070771,4,4.5,IBM Research Division - Accessibility Center
059-11070771,4,4.6,"11501 Burnet Rd, Austin TX 78758 http://www.ibm.com/able"
059-11070771,5,5.1,"Please note the time zone difference, and if you intend to only be there for part of the time let us know which part of the time."
059-11070771,5,5.2,9am - 5pm Amsterdam time is 3am - 11am US Eastern time which is midnight to 8am pacific time.
059-11070771,5,5.3,cheers
059-11070771,5,5.4,Charles McCN
059-11070771,5,5.5,"&gt; It is probable that we can arrange a telephone connection, to call in via a US bridge."
059-11070771,5,5.6,"&gt; Are there people who are unable to make the face to face meeting, but would like us to have this facility?"
059-11070771,5,5.7,&gt; Please respond as soon as possible
059-11070771,5,5.8,&gt; - the decision will be made early next week.
059-11070771,5,5.9,cheers
059-11070771,5,5.10,Charles McCN
059-11070771,6,6.1,&gt; and if you intend to only be there for part of the time let us know which part of the time.
059-11070771,6,6.2,"Since it will be Mountain time where I'll be, 9am - 5pm Amsterdam time is 1am - 9am, so I would participate the second half of the day."
059-11070771,6,6.3,Is there a good time to call in after Amsterdam lunch?
059-11070771,6,6.4,"Regards,"
059-11070771,6,6.5,"Phill Jenkins, (512) 838-4517"
059-11070771,6,6.6,IBM Research Division - Accessibility Center
059-11070771,6,6.7,"11501 Burnet Rd, Austin TX 78758 http://www.ibm.com/able"
059-11070771,7,7.1,I belive lunch is 12:30-1:30.
059-11070771,7,7.2,I'll let you know.
059-11070771,7,7.3,cheers
059-11070771,7,7.4,Charles
059-11070771,7,7.5,&gt; and if you intend to only be there for part of the time let us know which part of the time.
059-11070771,7,7.6,"&gt; Since it will be Mountain time where I'll be, 9am - 5pm Amsterdam time is 1am - 9am, so I would participate the second half of the day."
059-11070771,7,7.7,&gt; Is there a good time to call in after Amsterdam lunch?
059-11070771,7,7.8,"&gt; Regards,"
059-11070771,7,7.9,"&gt; Phill Jenkins, (512) 838-4517"
059-11070771,7,7.10,&gt; IBM Research Division - Accessibility Center
059-11070771,7,7.11,"&gt; 11501 Burnet Rd, Austin TX 78758 http://www.ibm.com/able"
059-11070771,7,7.12,--
059-11070771,7,7.13,Charles McCathieNevile http://www.w3.org/People/Charles phone: +61 409 134 136
059-11070771,7,7.14,W3C Web Accessibility Initiative http://www.w3.org/WAI fax: +1 617 258 5999
059-11070771,7,7.15,"Location: 21 Mitchell street FOOTSCRAY Vic 3011, Australia"
059-11070771,7,7.16,"(or W3C INRIA, Route des Lucioles, BP 93, 06902 Sophia Antipolis Cedex, France)"
059-15393869,1,1.1,"Peter, or other folks"
059-15393869,1,1.2,"Is there anyone from the OpenOffice or StarOffice projects who has time to represent the group on the W3C Authoring Tool Accessibility Guidelines working group, or to give us updates and feedback on how much those guidelines are implemented by the project?"
059-15393869,1,1.3,The Guidelines are designed to apply to all tools used to produce content for the Web
059-15393869,1,1.4,"- both ""HTML editors"" and the range of other tools that people use to produce content, such as office productivity tools and media editing tools."
059-15393869,1,1.5,More information at http://www.w3.org/WAI/AU and guidelines (W3C Recommendation since Feb 2000) at http://www.w3.org/TR/ATAG10
059-15393869,1,1.6,cheers
059-15393869,1,1.7,Charles McCN
059-15393869,1,1.8,--
059-15393869,1,1.9,Charles McCathieNevile http://www.w3.org/People/Charles phone: +61 409 134 136
059-15393869,1,1.10,W3C Web Accessibility Initiative http://www.w3.org/WAI fax: +1 617 258 5999
059-15393869,1,1.11,"Location: 21 Mitchell street FOOTSCRAY Vic 3011, Australia"
059-15393869,1,1.12,"(or W3C INRIA, Route des Lucioles, BP 93, 06902 Sophia Antipolis Cedex, France)"
059-15393869,1,1.13,"> Greetings,"
059-15393869,1,1.14,> The Sun Accessibility team is delighted to announce the establishment of the OpenOffice.org Accessibility Project.
059-15393869,1,1.15,> This work will also allow Sun to build accessibility into the StarOffice productivity suite.
059-15393869,1,1.16,[snip]
059-15393869,1,1.17,"> For details on the OpenOffice.org accessibility project, please see:"
059-15393869,1,1.18,> http://ui.openoffice.org/accessibility/
059-15393869,1,1.19,"> For details on the OpenOffice.org UNO Accessibility API, please see:"
059-15393869,1,1.20,> http://ui.openoffice.org/accessibility/unoapi.html
059-15393869,1,1.21,"> To view the proposal for presentation document accessibility, please see:"
059-15393869,1,1.22,> http://ui.openoffice.org/accessibility/proposal-impress.html
059-15393869,1,1.23,"> On behalf of the Sun Microsystems Accessibility team,"
059-15393869,1,1.24,> Peter Korn
059-15393869,1,1.25,> Sun Microsystems
059-15393869,1,1.26,> access@sun.com
059-15393869,1,1.27,> http://www.sun.com/access
059-15393869,2,2.1,I was all set up and ready to go but missed my alarm and the call....
059-15393869,2,2.2,sorry
059-15393869,2,2.3,I wanted to discuss the possibility of a 'summit' at www11
059-15393869,2,2.4,- I think we have a full-day workshop on the tutorial workshop day but I wanted to check the agenda and format for that day.
059-15393869,2,2.5,See next email.
059-15393869,2,2.6,Liddy
059-15393869,3,3.1,"Me too, sorry folks."
059-15393869,3,3.2,Was anyone on the call?
059-15393869,3,3.3,chaals
059-15393869,3,3.4,> I was all set up and ready to go but missed my alarm and the call....
059-15393869,3,3.5,> sorry
059-15393869,4,4.1,"Sorry, I missed too."
059-15393869,4,4.2,I slept in after flying in late.
059-15393869,4,4.3,- Jan
059-15393869,4,4.4,"> Me too, sorry folks."
059-15393869,4,4.5,> Was anyone on the call?
059-15393869,4,4.6,> chaals
059-15393869,4,4.7,> I was all set up and ready to go but missed my alarm and the call....
059-15393869,4,4.8,> sorry
059-15393869,4,4.9,--
059-15393869,4,4.10,"Cheers,"
059-15393869,4,4.11,Jan
059-15393869,4,4.12,/\/\/\/\/\/\/\/\/\/\/\/\/\/\/\/\/\/\/\/\/\/\/\/\
059-15393869,4,4.13,Jan Richards
059-15393869,4,4.14,UI Design Specialist
059-15393869,4,4.15,Adaptive Technology Resource Centre (ATRC)
059-15393869,4,4.16,University of Toronto
059-15393869,4,4.17,jan.richards@utoronto.ca
059-15393869,4,4.18,Phone: (416) 946-7060
059-15393869,4,4.19,Fax: (416) 971-2896
059-15393869,4,4.20,/\/\/\/\/\/\/\/\/\/\/\/\/\/\/\/\/\/\/\/\/\/\/\/\
059-15393869,5,5.1,We did hold a short meeting with Phil and Heather on the call.
059-15393869,5,5.2,The Summit was discussed.
059-15393869,5,5.3,"Heather will not be able to make it due to wedding plans, IBM will be there."
059-15393869,5,5.4,Everyone thought it was a good opportunity to pull together the various efforts.
059-15393869,5,5.5,Jutta
059-15393869,5,5.6,"> Me too, sorry folks."
059-15393869,5,5.7,> Was anyone on the call?
059-15393869,5,5.8,> chaals
059-15393869,5,5.9,> I was all set up and ready to go but missed my alarm and the call....
059-15393869,5,5.10,> sorry
059-15393869,6,6.1,I have submitted a request to hold this
059-15393869,6,6.2,- if we are successful we can decide how to do it and we do not need to go through papers submission etc ....
059-15393869,6,6.3,Liddy
059-7186494,1,1.1,There have been a couple of possiblities raised:
059-7186494,1,1.2,"Ottawa, 5 or 6 October (This depends on a number of other W3C timing issues)"
059-7186494,1,1.3,"Nashville, mid october"
059-7186494,1,1.4,How do people feel about either of these?
059-7186494,1,1.5,"Are we ready for a meeting, overdue for one, nowhere near it?"
059-7186494,1,1.6,"Are these good locations, or does someone have another proposal (offer of hosting...)"
059-7186494,1,1.7,Charles
059-7186494,1,1.8,--
059-7186494,1,1.9,Charles McCathieNevile mailto:charles@w3.org phone: +61 (0) 409 134 136
059-7186494,1,1.10,W3C Web Accessibility Initiative http://www.w3.org/WAI
059-7186494,1,1.11,"Location: I-cubed, 110 Victoria Street, Carlton VIC 3053"
059-7186494,1,1.12,"Postal: GPO Box 2476V, Melbourne 3001, Australia"
059-7186494,2,2.1,I think we should have something more concrete to meet about
059-7186494,2,2.2,- something that doesn't lend itself to list/telecon handling.
059-7186494,2,2.3,Plus it would be extremely helpful if more than one WG met around the same time/place.
059-7186494,2,2.4,"Not necessarily in conjunction with some ""external"" event."
059-7186494,2,2.5,--
059-7186494,2,2.6,Love.
059-7186494,2,2.7,ACCESSIBILITY IS RIGHT - NOT PRIVILEGE
059-7186494,2,2.8,http://dicomp.pair.com
059-7186494,3,3.1,I think a face-to-face is a good idea and have no problems with either of the dates suggested.
059-7186494,3,3.2,> There have been a couple of possiblities raised:
059-7186494,3,3.3,"> Ottawa, 5 or 6 October (This depends on a number of other W3C timing issues)"
059-7186494,3,3.4,"> Nashville, mid october"
059-7186494,3,3.5,> How do people feel about either of these?
059-7186494,3,3.6,"> Are we ready for a meeting, overdue for one, nowhere near it?"
059-7186494,3,3.7,"> Are these good locations, or does someone have another proposal (offer of hosting...)"
059-7186494,3,3.8,Charles
059-7186494,3,3.9,--
059-7186494,3,3.10,Charles McCathieNevile mailto:charles@w3.org phone: +61 (0) 409 134
059-7186494,3,3.11,136
059-7186494,3,3.12,W3C Web Accessibility Initiative http://www.w3.org/WAI
059-7186494,3,3.13,"Location: I-cubed, 110 Victoria Street, Carlton VIC 3053"
059-7186494,3,3.14,"Postal: GPO Box 2476V, Melbourne 3001, Australia"
059-7186494,4,4.1,The Nashville conference is the Educause conference from October 10-13.
059-7186494,4,4.2,All courseware developers will be attending.
059-7186494,4,4.3,Norman Coombs and I will be presenting on accessible courseware authoring.
059-7186494,4,4.4,Information about the event is at: http://www.educause.edu/conference/e2000
059-7186494,4,4.5,For the face to face meeting we had talked about having a working meeting.
059-7186494,4,4.6,"We would have a set of tasks ie. Techniques for specific checkpoints, designing the conformance document, evaluating representative tools."
059-7186494,4,4.7,We would break out into small groups to create drafts and then gather as a whole group to review the drafts.
059-7186494,4,4.8,Jutta
059-7186494,4,4.9,> There have been a couple of possiblities raised:
059-7186494,4,4.10,"> Ottawa, 5 or 6 October (This depends on a number of other W3C timing issues)"
059-7186494,4,4.11,"> Nashville, mid october"
059-7186494,4,4.12,> How do people feel about either of these?
059-7186494,4,4.13,"> Are we ready for a meeting, overdue for one, nowhere near it?"
059-7186494,4,4.14,"> Are these good locations, or does someone have another proposal (offer of hosting...)"
059-7186494,4,4.15,>
059-7186494,4,4.16,> Charles
059-7186494,4,4.17,>
059-7186494,4,4.18,> --
059-7186494,4,4.19,> Charles McCathieNevile mailto:charles@w3.org phone: +61 (0) 409 134 136
059-7186494,4,4.20,> W3C Web Accessibility Initiative http://www.w3.org/WAI
059-7186494,4,4.21,"> Location: I-cubed, 110 Victoria Street, Carlton VIC 3053"
059-7186494,4,4.22,"> Postal: GPO Box 2476V, Melbourne 3001, Australia"
059-9045120,1,1.1,Don't know how long this meeting is going to take but with a joint meeting &quot;long&quot; seems more likely than &quot;short&quot;.
059-9045120,1,1.2,So just in case:
059-9045120,1,1.3,"I have another (phone) meeting coming up at 3:30 Boston time (1 hour after this one) so if we haven't finished by then, I'll have leave early."
059-9045120,1,1.4,Tried to move it but that was just not possible.
059-9045120,1,1.5,"Cheers,"
059-9045120,1,1.6,Marjolein
059-9045120,1,1.7,&gt; Normal time and place - phone +1.617.252.7000
059-9045120,1,1.8,"&gt; 2:30pm Boston time, 8:30pm France/Netherlands/Germany, 11:30am US West Coast..."
059-9045120,1,1.9,&gt; Joint meeting with ERT group.
059-9045120,1,1.10,&gt; Agenda topics:
059-9045120,1,1.11,&gt; + W3C plenary meeting (we may as well spend 10 minutes on this together since time is important for it).
059-9045120,1,1.12,&gt; + Moving AERT work to AU group
059-9045120,1,1.13,"&gt; - what does it mean for each group, how do we track it, resources for editing it?"
059-9045120,1,1.14,&gt; Please send regrets to the email lists.
059-9045120,1,1.15,&gt; cheers
059-9045120,1,1.16,&gt; Charles
059-9045120,1,1.17,&gt; --
059-9045120,1,1.18,&gt; Charles McCathieNevile mailto:charles@w3.org phone: +61 (0) 409 134 136
059-9045120,1,1.19,&gt; W3C Web Accessibility Initiative
059-9045120,1,1.20,&gt; http://www.w3.org/WAI
059-9045120,1,1.21,"&gt; Location: I-cubed, 110 Victoria Street, Carlton VIC 3053, Australia"
059-9045120,1,1.22,&gt; September - November 2000:
059-9045120,1,1.23,"&gt; W3C INRIA, 2004 Route des Lucioles, BP 93, 06902 Sophia Antipolis Cedex,"
059-9045120,1,1.24,&gt; France
059-9045120,2,2.1,"Hi all,"
059-9045120,2,2.2,"Sorry about the delay, but this is the Techniques draft that I said I would do at the face-to-face."
059-9045120,2,2.3,It is not done but you will get the idea.
059-9045120,2,2.4,Language specific things have generally been removed (to be put in the separate docs).
059-9045120,2,2.5,"Cheers,"
059-9045120,2,2.6,Jan
059-9045120,3,3.1,"Hi all,"
059-9045120,3,3.2,Sorry I forgot to attach the file.
059-9045120,3,3.3,"Cheers,"
059-9045120,3,3.4,Jan
059-9045120,3,3.5,text/html attachment: Techniques_for_Authoring_Tool_Accessibility_Guidelines_1_01.htm
059-9045120,4,4.1,"Jan,"
059-9045120,4,4.2,thanks for this
059-9045120,4,4.3,- it's a good piece of work.
059-9045120,4,4.4,How about we have the following categories:
059-9045120,4,4.5,+ Things you need to do to meet the checkpoint (these can be fairly general)
059-9045120,4,4.6,+ Techniques to do this (which should say how much of it they do)
059-9045120,4,4.7,+ Things which are good to do although they go beyond the requirements of the checkpoint.
059-9045120,4,4.8,+ References
059-9045120,4,4.9,These probably need to be sorted (where applicable) by tool type and priority.
059-9045120,4,4.10,"For example to meet checkpoint 1.1 in a level-A tool, all that needs to be done is to provide source editing (and meet checkpoint 1.2 Preserve all accessibiltiy information, which can be done by not messing up the source)."
059-9045120,4,4.11,"But for a WYSIWYG tool this will not conform to 5.1 and 5.2, so the tool cannot get to double-A."
059-9045120,4,4.12,A source editing tool can use this technique to any level.
059-9045120,4,4.13,Cheers
059-9045120,4,4.14,Charles
059-9045120,4,4.15,"&gt; Hi all,"
059-9045120,4,4.16,&gt; Sorry I forgot to attach the file.
059-9045120,4,4.17,"&gt; Cheers,"
059-9045120,4,4.18,&gt; Jan
059-9045120,4,4.19,--
059-9045120,4,4.20,Charles McCathieNevile mailto:charles@w3.org phone: +61 (0) 409 134 136
059-9045120,4,4.21,W3C Web Accessibility Initiative http://www.w3.org/WAI
059-9045120,4,4.22,"Location: I-cubed, 110 Victoria Street, Carlton VIC 3053, Australia"
059-9045120,4,4.23,September - November 2000:
059-9045120,4,4.24,"W3C INRIA, 2004 Route des Lucioles, BP 93, 06902 Sophia Antipolis Cedex, France"
059-9045120,5,5.1,I agree.
059-9045120,5,5.2,I'd really like to work on emphasizing cross-over situations in which doing one thing contributes to meeting several guidelines.
059-9045120,5,5.3,In the end this could be pulled out into a separate list of techniques that need to be implemented as opposed to checkpoints that need to be met.
059-9045120,5,5.4,- Jan
059-9045120,5,5.5,&gt; How about we have the following categories:
059-9045120,5,5.6,&gt; + Things you need to do to meet the checkpoint (these can be fairly general)
059-9045120,5,5.7,&gt; + Techniques to do this (which should say how much of it they do)
059-9045120,5,5.8,&gt; + Things which are good to do although they go beyond the requirements of the checkpoint.
059-9045120,5,5.9,&gt; + References
059-9045120,5,5.10,&gt; These probably need to be sorted (where applicable) by tool type and priority.
059-9045120,5,5.11,"&gt; For example to meet checkpoint 1.1 in a level-A tool, all that needs to be done is to provide source editing (and meet checkpoint 1.2 Preserve all accessibiltiy information, which can be done by not messing up the source)."
059-9045120,5,5.12,"&gt; But for a WYSIWYG tool this will not conform to 5.1 and 5.2, so the tool cannot get to double-A."
059-9045120,5,5.13,&gt; A source editing tool can use this technique to any level.
059-9045120,5,5.14,&gt; Cheers
059-9045120,5,5.15,&gt; Charles
059-9045120,5,5.16,"&gt;&gt; Hi all,"
059-9045120,5,5.17,&gt;&gt; Sorry I forgot to attach the file.
059-9045120,5,5.18,"&gt;&gt; Cheers,"
059-9045120,5,5.19,&gt;&gt; Jan
059-9045120,5,5.20,&gt;&gt; --
059-9045120,5,5.21,&gt; Charles McCathieNevile mailto:charles@w3.org phone: +61 (0) 409 134 136
059-9045120,5,5.22,&gt; W3C Web Accessibility Initiative http://www.w3.org/WAI
059-9045120,5,5.23,"&gt; Location: I-cubed, 110 Victoria Street, Carlton VIC 3053, Australia"
059-9045120,5,5.24,&gt; September - November 2000:
059-9045120,5,5.25,"&gt; W3C INRIA, 2004 Route des Lucioles, BP 93, 06902 Sophia Antipolis Cedex, France"
060-0021651,1,1.1,Liddy has been admirably getting up at 2am on a regular basis to join our call.
060-0021651,1,1.2,I don't think we should continue to ask her to do that.
060-0021651,1,1.3,I would like to find an alternative time that works for everyone that regularly attends the teleconference.
060-0021651,1,1.4,"This needs to take into account European time, Australian time and both east and west coast North American time."
060-0021651,1,1.5,"How is everyone with 4:00pm EDT on Monday, Tuesday or Wednesday?"
060-0021651,1,1.6,This would make it 6:00am in Australia and 9:00 pm in Europe.
060-0021651,1,1.7,Or does anyone have an alternative suggestion?
060-0021651,1,1.8,Jutta
060-0021651,2,2.1,"According to the International Meeting Planner, Jutta's suggestion of 4pm EST is pretty good"
060-0021651,2,2.2,- although it is actually 10pm in Europe.
060-0021651,2,2.3,3pm EST would be 5am in Australia and 9pm in Europe.
060-0021651,2,2.4,http://www.timeanddate.com/worldclock/meetingtime.html?day=6&amp;amp;month=6&amp;amp;year=2002&amp;amp;p1=250&amp;amp;p2=152&amp;amp;p3=195&amp;amp;p4=234
060-0021651,2,2.5,- Jan
060-0021651,2,2.6,"&gt; How is everyone with 4:00pm EDT on Monday, Tuesday or Wednesday?"
060-0021651,2,2.7,&gt; This would make it 6:00am in Australia and 9:00 pm in Europe.
060-0021651,2,2.8,&gt; Or does anyone have an alternative suggestion?
060-0021651,3,3.1,Thank you
060-0021651,3,3.2,- I do appreciate this gesture.
060-0021651,3,3.3,"&gt; How is everyone with 4:00pm EDT on Monday, Tuesday or Wednesday?"
060-0021651,3,3.4,&gt; This would make it 6:00am in Australia and 9:00 pm in Europe.
060-0021651,3,3.5,&gt; Or does anyone have an alternative suggestion?
060-0021651,3,3.6,"I believe 4.00pm on Tuesday would clash with the IMS meetings, if they continue at that time..."
060-0021651,3,3.7,Liddy
060-0021651,4,4.1,"Hi Jutta,"
060-0021651,4,4.2,The same issue arose a few weeks ago in the PF group.
060-0021651,4,4.3,It is very difficult to find a common time that works for every time zone.
060-0021651,4,4.4,"10pm Central European Time means I can make some of the calls, but not all of them, but I understand the change."
060-0021651,4,4.5,"regards,"
060-0021651,4,4.6,carlos
060-0021651,4,4.7,&gt; Liddy has been admirably getting up at 2am on a regular basis to join our call.
060-0021651,4,4.8,&gt; I don't think we should continue to ask her to do that.
060-0021651,4,4.9,&gt; I would like to find an alternative time that works for everyone that regularly attends the teleconference.
060-0021651,4,4.10,"&gt; This needs to take into account European time, Australian time and both east and west coast North American time."
060-0021651,4,4.11,"&gt; How is everyone with 4:00pm EDT on Monday, Tuesday or Wednesday?"
060-0021651,4,4.12,&gt; This would make it 6:00am in Australia and 9:00 pm in Europe.
060-0021651,4,4.13,&gt; Or does anyone have an alternative suggestion?
060-0021651,4,4.14,--
060-0021651,4,4.15,Dr Carlos A Velasco
060-0021651,4,4.16,mailto:velasco@fit.fraunhofer.de http://access.fit.fraunhofer.de/
060-0021651,4,4.17,Fraunhofer-Institut f?r Angewandte Informationstechnik (FIT.HEB)
060-0021651,4,4.18,[Fraunhofer Institute for Applied Information Technology (FIT.HEB)]
060-0021651,4,4.19,"Schloss Birlinghoven, D53757 Sankt Augustin (Germany)"
060-0021651,4,4.20,Tel: +49-2241-142609/319272 Fax: +49-2241-142065
060-0021651,5,5.1,"I hesitate to speak for Heather, but in her absence, the time is do-able here in Pacific time;"
060-0021651,5,5.2,"however, at glancing at her schedule she may have conflicts with this time, at least on Mondays/Wednesdays"
060-0021651,5,5.3,--Tuesdays look like a 30 minute conflict (at the last 1/2 hour).
060-0021651,5,5.4,I don't know if these are times that she can adjust or not.
060-0021651,5,5.5,She'll be back and able to speak for her own schedule next week.
060-0021651,5,5.6,When did you need to make a firm decision?
060-0021651,5,5.7,Thanks!
060-0021651,5,5.8,Lou Nell Gerard
060-0021651,5,5.9,FrontPage Program Manager
060-0021651,5,5.10,&gt; Liddy has been admirably getting up at 2am on a regular basis to join our call.
060-0021651,5,5.11,&gt; I don't think we should continue to ask her to do that.
060-0021651,5,5.12,&gt; I would like to find an alternative time that works for everyone that regularly attends the teleconference.
060-0021651,5,5.13,"&gt; This needs to take into account European time, Australian time and both east and west coast North American time."
060-0021651,5,5.14,"&gt; How is everyone with 4:00pm EDT on Monday, Tuesday or Wednesday?"
060-0021651,5,5.15,&gt; This would make it 6:00am in Australia and 9:00 pm in Europe.
060-0021651,5,5.16,&gt; Or does anyone have an alternative suggestion?
060-0021651,5,5.17,&gt; Jutta
060-0021651,6,6.1,does it help to have different times?
060-0021651,6,6.2,I will be in Europe for a few weeks soon and so we could have meeting times that suit the meetings
060-0021651,6,6.3,- boring but maybe better for actual events?
060-0021651,6,6.4,Liddy
060-0021651,7,7.1,"I'm comfortable with whatever time is set and will remain flexible, even if it's 5:00am PDT."
060-0021651,7,7.2,Doug
060-0021651,7,7.3,&gt; Liddy has been admirably getting up at 2am on a regular basis to join our call.
060-0021651,7,7.4,&gt; I don't think we should continue to ask her to do that.
060-0021651,7,7.5,&gt; I would like to find an alternative time that works for everyone that regularly attends the teleconference.
060-0021651,7,7.6,"&gt; This needs to take into account European time, Australian time and both east and west coast North American time."
060-0021651,7,7.7,"&gt; How is everyone with 4:00pm EDT on Monday, Tuesday or Wednesday?"
060-0021651,7,7.8,&gt; This would make it 6:00am in Australia and 9:00 pm in Europe.
060-0021651,7,7.9,&gt; Or does anyone have an alternative suggestion?
060-0021651,7,7.10,&gt; Jutta
060-0021651,8,8.1,"Monday, Tuesday, or Wednesday at 4:00 pm EST would work for me but Tuesday or Wednesday would be better."
060-0021651,8,8.2,"Fyi, I'm back but Lou Nell is going to sit in on the next call for me --"
060-0021651,8,8.3,It's still Monday at 12:00 EST right?
060-0021651,8,8.4,Heather
060-0021651,8,8.5,P.S. this e-mail was written using voice dictation technology so please excuse any &quot;voice mistakes&quot;
060-0021651,8,8.6,&gt; Liddy has been admirably getting up at 2am on a regular basis to join our call.
060-0021651,8,8.7,&gt; I don't think we should continue to ask her to do that.
060-0021651,8,8.8,&gt; I would like to find an alternative time that works for everyone that regularly attends the teleconference.
060-0021651,8,8.9,"&gt; This needs to take into account European time, Australian time and both east and west coast North American time."
060-0021651,8,8.10,"&gt; How is everyone with 4:00pm EDT on Monday, Tuesday or Wednesday?"
060-0021651,8,8.11,&gt; This would make it 6:00am in Australia and 9:00 pm in Europe.
060-0021651,8,8.12,&gt; Or does anyone have an alternative suggestion?
060-0021651,8,8.13,&gt; Jutta
060-4302525,1,1.1,We had discussed the possibility of a meeting together with the ATIA conference http://www.atia.org/conf_2004.html.
060-4302525,1,1.2,ATIA is quite firm that they do not want any meetings to overlap with their events if we plan it through them.
060-4302525,1,1.3,I already have an IMS meeting scheduled for Saturday afternoon and Sunday (January 17th and 18th).
060-4302525,1,1.4,Several people in ATAG are unavailable prior to the ATIA meetings.
060-4302525,1,1.5,"This leaves two options, to plan our meetings in Orlando but not through ATIA or to hold the meetings on Monday the 19th and Tuesday the 20th."
060-4302525,1,1.6,Monday is Martin Luther King day.
060-4302525,1,1.7,What are your thoughts?
060-4302525,1,1.8,Can you suggest another venue and possible sponsor?
060-4302525,1,1.9,I am pursuing one other possibility but would like to hear back from the possible sponsor before I suggest it.
060-4302525,1,1.10,Thanks for your input.
060-4302525,1,1.11,Jutta
060-4302525,1,1.12,--
060-4302525,2,2.1,I thought the IMS meeting was 16/17 ???
060-4302525,2,2.2,MLK Day is never better than in Savannah!
060-4302525,2,2.3,maybe we could go there?
060-4302525,2,2.4,"I personally don't want to spend my life in Orlando, thank you!"
060-4302525,2,2.5,I have to be in NY on the 23rd and then plan to go home.
060-4302525,2,2.6,"I am not essential to this meeting, but there are my constraints."
060-4302525,2,2.7,Liddy
060-4302525,3,3.1,Any time or venue should be fine with me.
060-4302525,3,3.2,"Thanks, Tim Boland NIST"
060-4302525,3,3.3,&gt; We had discussed the possibility of a meeting together with the ATIA conference http://www.atia.org/conf_2004.html.
060-4302525,3,3.4,&gt; ATIA is quite firm that they do not want any meetings to overlap with their events if we plan it through them.
060-4302525,3,3.5,&gt; I already have an IMS meeting scheduled for Saturday afternoon and Sunday (January 17th and 18th).
060-4302525,3,3.6,&gt; Several people in ATAG are unavailable prior to the ATIA meetings.
060-4302525,3,3.7,"&gt; This leaves two options, to plan our meetings in Orlando but not through ATIA or to hold the meetings on Monday the 19th and Tuesday the 20th."
060-4302525,3,3.8,&gt; Monday is Martin Luther King day.
060-4302525,3,3.9,&gt; What are your thoughts?
060-4302525,3,3.10,&gt; Can you suggest another venue and possible sponsor?
060-4302525,3,3.11,&gt; I am pursuing one other possibility but would like to hear back from the possible sponsor before I suggest it.
060-4302525,3,3.12,&gt; Thanks for your input.
060-4302525,3,3.13,&gt; Jutta
060-4302525,4,4.1,"For 2004, when u prefer (best in may-july) we can host in Venice the F2F."
060-4302525,4,4.2,Matt May and Charles can confirm the good place for conference and holiday :)
060-4302525,4,4.3,Roberto Scano
060-4302525,4,4.4,IWA/HWG EMEA Coordinator
060-4302525,4,4.5,W3C Advisory Commitee Representative for IWA/HWG
060-4302525,4,4.6,International Webmasters Association / HTML Writers Guild
060-4302525,4,4.7,http://www.iwanet.org - http://www.hwg.org
060-4302525,4,4.8,E-Mail: emea@iwanet.org - w3c-rep@iwanet.org
060-4302525,4,4.9,--------------------------------------------------------------------
060-4302525,5,5.1,"I have never had a holiday in Venice, although I would like to."
060-4302525,5,5.2,"But I can confirm that it is a nice place to have a meeting, and could probably attend (it is not that hard to get to from Europe)."
060-4302525,5,5.3,cheers
060-4302525,5,5.4,Chaals
060-4302525,5,5.5,"&gt; For 2004, when u prefer (best in may-july) we can host in Venice the F2F."
060-4302525,5,5.6,&gt; Matt May and Charles can confirm the good place for conference and holiday :)
060-4302525,5,5.7,&gt; Roberto Scano
060-4302525,5,5.8,&gt; IWA/HWG EMEA Coordinator
060-4302525,5,5.9,&gt; W3C Advisory Commitee Representative for IWA/HWG
060-4302525,5,5.10,&gt; International Webmasters Association / HTML Writers Guild
060-4302525,5,5.11,&gt; http://www.iwanet.org - http://www.hwg.org
060-4302525,5,5.12,&gt; E-Mail: emea@iwanet.org - w3c-rep@iwanet.org
060-4302525,5,5.13,Charles McCathieNevile http://www.w3.org/People/Charles tel: +61 409 134 136
060-4302525,5,5.14,SWAD-E http://www.w3.org/2001/sw/Europe fax(france): +33 4 92 38 78 22
060-4302525,5,5.15,"Post: 21 Mitchell street, FOOTSCRAY Vic 3011, Australia or"
060-4302525,5,5.16,"W3C, 2004 Route des Lucioles, 06902 Sophia Antipolis Cedex, France"
060-4302525,6,6.1,Voglio andare a venezia!
060-4302525,6,6.2,oops
060-4302525,6,6.3,"- one should not show such enthusiasm, I suspect!"
060-4302525,6,6.4,"Could we be careful to make the dates so that those of us who do come a long way can make it, please!"
060-4302525,6,6.5,Liddy
060-4302525,7,7.1,"If we can plan, what about planning the year, Australia included?"
060-4302525,7,7.2,best time for us is anytime
060-4302525,7,7.3,- maybe northern winter from others' perspectives?
060-4302525,7,7.4,Liddy
060-4302525,8,8.1,Planning meetings a year in advance (at least tentatively) is a good idea.
060-4302525,8,8.2,I will add this to the agenda for the next call.
060-4302525,8,8.3,Jutta
060-4302525,8,8.4,&gt; Voglio andare a venezia!
060-4302525,8,8.5,&gt; oops
060-4302525,8,8.6,"&gt; - one should not show such enthusiasm, I suspect!"
060-4302525,8,8.7,"&gt; Could we be careful to make the dates so that those of us who do come a long way can make it, please!"
060-4302525,8,8.8,&gt; Liddy
060-4302525,8,8.9,--
061-10140940,1,1.1,"Hello Education and Outreach Colleagues,"
061-10140940,1,1.2,I was talking to a friend today -- an amateur web developer and professional disability rights advocate -- who complained that the W3C guidelines are overly technical for her needs.
061-10140940,1,1.3,She wants a plain language version of the guidelines.
061-10140940,1,1.4,"As she is fairly technologically savvy, she expressed frustration at having to work so hard to understand what must be done to make accessible web pages."
061-10140940,1,1.5,"To illustrate her point, she read me the Quick Tip card description of Image map."
061-10140940,1,1.6,"I agree with her, the tone is definitely geeky."
061-10140940,1,1.7,But not everyone who develops web pages speaks the language of client-side servers and hotspots.
061-10140940,1,1.8,I would guess that most people who develop web pages are amateurs (in the original sense of the word: from amore or amour: an activity done out of love.)
061-10140940,1,1.9,Will these people freeze when they read &quot;make line by line reading sensible?&quot; or &quot;Use CSS?&quot;
061-10140940,1,1.10,How about we create a &quot;user-friendly&quot; version of the Web Content guidelines?
061-10140940,1,1.11,Maybe a primer.
061-10140940,1,1.12,Alan
061-10140940,2,2.1,you are not the first to ask about this...
061-10140940,2,2.2,this si a part of obtaining buy-in from the user community so implementation will go easier.
061-10140940,2,2.3,"Remember my comments from toronto last year, &quot;create a wcag for dummies&quot; version...."
061-10140940,2,2.4,"hey, are there going to be EO, WAI and WCAG meetings at the www9?"
061-10140940,2,2.5,/rob
061-10140940,2,2.6,"&gt; Hello Education and Outreach Colleagues,"
061-10140940,2,2.7,&gt; I was talking to a friend today -- an amateur web developer and professional disability rights advocate -- who complained that the W3C guidelines are overly technical for her needs.
061-10140940,2,2.8,&gt; She wants a plain language version of the guidelines.
061-10140940,2,2.9,"&gt; As she is fairly technologically savvy, she expressed frustration at having to work so hard to understand what must be done to make accessible web pages."
061-10140940,2,2.10,"&gt; To illustrate her point, she read me the Quick Tip card description of Image map."
061-10140940,2,2.11,"&gt; I agree with her, the tone is definitely geeky."
061-10140940,2,2.12,&gt; But not everyone who develops web pages speaks the language of client-side servers and hotspots.
061-10140940,2,2.13,&gt; I would guess that most people who develop web pages are amateurs (in the original sense of the word: from amore or amour: an activity done out of love.)
061-10140940,2,2.14,&gt; Will these people freeze when they read &quot;make line by line reading sensible?&quot; or &quot;Use CSS?&quot;
061-10140940,2,2.15,&gt; How about we create a &quot;user-friendly&quot; version of the Web Content guidelines?
061-10140940,2,2.16,&gt; Maybe a primer.
061-10140940,2,2.17,&gt; Alan
061-10140940,3,3.1,&gt; How about we create a &quot;user-friendly&quot; version of the Web Content guidelines?
061-10140940,3,3.2,&gt; Maybe a primer.
061-10140940,3,3.3,WL: Great idea.
061-10140940,3,3.4,Would you take that as an action item?
061-10140940,3,3.5,--
061-10140940,3,3.6,Love.
061-10140940,3,3.7,ACCESSIBILITY IS RIGHT - NOT PRIVILEGE
061-10140940,3,3.8,http://dicomp.pair.com
061-10140940,4,4.1,What about the WCAG Curriculum?
061-10140940,4,4.2,Particularly the Example Set of the WCAG Curriculum?
061-10140940,4,4.3,Curriculum: http://www.starlingweb.com/wai/wcag/
061-10140940,4,4.4,Example set: http://www.starlingweb.com/wai/wcag/sam1-0.htm
061-10140940,4,4.5,Please note that the curriculum will be moving to W3C space in the next week or so.
061-10140940,4,4.6,Don't bookmark pages in the above site as they will soon be invalid.
061-10140940,4,4.7,"Once the curriculum is in the W3C space, WAI EO will likely start promoting it more heavily."
061-10140940,4,4.8,"Regards,"
061-10140940,4,4.9,Chuck
061-10140940,4,4.10,"&gt; Hello Education and Outreach Colleagues,"
061-10140940,4,4.11,&gt; I was talking to a friend today -- an amateur web developer and professional disability rights advocate -- who complained that the W3C guidelines are overly technical for her needs.
061-10140940,4,4.12,&gt; She wants a plain language version of the guidelines.
061-10140940,4,4.13,"&gt; As she is fairly technologically savvy, she expressed frustration at having to work so hard to understand what must be done to make accessible web pages."
061-10140940,4,4.14,"&gt; To illustrate her point, she read me the Quick Tip card description of Image map."
061-10140940,4,4.15,"&gt; I agree with her, the tone is definitely geeky."
061-10140940,4,4.16,&gt; But not everyone who develops web pages speaks the language of client-side servers and hotspots.
061-10140940,4,4.17,&gt; I would guess that most people who develop web pages are amateurs (in the original sense of the word: from amore or amour: an activity done out of love.)
061-10140940,4,4.18,&gt; Will these people freeze when they read &quot;make line by line reading sensible?&quot; or &quot;Use CSS?&quot;
061-10140940,4,4.19,&gt; How about we create a &quot;user-friendly&quot; version of the Web Content guidelines?
061-10140940,4,4.20,&gt; Maybe a primer.
061-10140940,4,4.21,&gt; Alan
061-10140940,4,4.22,----
061-10140940,4,4.23,Starling Access Services
061-10140940,4,4.24,&quot;Access A World Of Possibility&quot;
061-10140940,4,4.25,e-mail: info@starlingweb.com
061-10140940,4,4.26,URL: http://www.starlingweb.com
061-10140940,4,4.27,Phone: 613-820-2272 FAX: 613-820-6983
061-10140940,5,5.1,Please take a look at www.peepo.com/access for a first small attempt at this.
061-10140940,5,5.2,"If you are prepared to create something else, please try to use good examples rather than text."
061-10140940,5,5.3,(as in QED) and post the URI so we can take a look.
061-10140940,5,5.4,jay@peepo.com
061-10140940,5,5.5,Jonathan Chetwynd
061-10140940,5,5.6,Special needs teacher / web accessibility consultant
061-10140940,5,5.7,&gt;&gt; How about we create a &quot;user-friendly&quot; version of the Web Content guidelines?
061-10140940,5,5.8,&gt;&gt; Maybe a primer.
061-10140940,5,5.9,&gt; WL: Great idea.
061-10140940,5,5.10,&gt; Would you take that as an action item?
061-10140940,5,5.11,&gt; --
061-10140940,5,5.12,&gt; Love.
061-10140940,5,5.13,&gt; ACCESSIBILITY IS RIGHT - NOT PRIVILEGE
061-10140940,5,5.14,&gt; http://dicomp.pair.com
061-10140940,6,6.1,Got a &quot;could not connect to remote server&quot; from both links at http://www.peepo.com/access
061-10140940,6,6.2,- Judy
061-10140940,6,6.3,&gt; Please take a look at www.peepo.com/access for a first small attempt at this.
061-10140940,6,6.4,"&gt; If you are prepared to create something else, please try to use good examples rather than text."
061-10140940,6,6.5,&gt; (as in QED) and post the URI so we can take a look.
061-10140940,6,6.6,&gt; jay@peepo.com
061-10140940,6,6.7,&gt; Jonathan Chetwynd
061-10140940,6,6.8,&gt; Special needs teacher / web accessibility consultant
061-10140940,6,6.9,&gt;&gt;&gt; How about we create a &quot;user-friendly&quot; version of the Web Content guidelines?
061-10140940,6,6.10,&gt;&gt;&gt; Maybe a primer.
061-10140940,6,6.11,&gt;&gt; WL: Great idea.
061-10140940,6,6.12,&gt;&gt; Would you take that as an action item?
061-10140940,6,6.13,&gt;&gt; --
061-10140940,6,6.14,&gt;&gt; Love.
061-10140940,6,6.15,&gt;&gt; ACCESSIBILITY IS RIGHT - NOT PRIVILEGE
061-10140940,6,6.16,&gt;&gt; http://dicomp.pair.com
061-10140940,6,6.17,--
061-10140940,6,6.18,Judy Brewer jbrewer@w3.org +1.617.258.9741 http://www.w3.org/WAI
061-10140940,6,6.19,"Director, Web Accessibility Initiative (WAI) International Program Office"
061-10140940,6,6.20,World Wide Web Consortium (W3C)
061-10140940,6,6.21,"MIT/LCS Room NE43-355, 545 Technology Square, Cambridge, MA, 02139, USA"
063-1009111,1,1.1,Welcome to the Web Accessibility Initiative Evaluation and Repair (WAI-ER-IG) Interest Group (not to be confused with the overall WAI Interest Group (WAI-IG).
063-1009111,1,1.2,"As you know from the charter, http://www.w3.org/WAI/ER/IG/ we'll be advising the ER Working group on tools for evaluating, repairing, and filtering web sites (some people will be members of both groups)."
063-1009111,1,1.3,"In addition to our own knowledge and experience, we'll rely on input from from novice and expert users with disabilities, web authors and administrators, ISP's, content owners, and vendors"
063-1009111,1,1.4,--some of whom will be ourselves.
063-1009111,1,1.5,"To start out, would you each say a few words about yourself and your involvement in this area?"
063-1009111,1,1.6,I attached my own description below.
063-1009111,1,1.7,Len
063-1009111,1,1.8,Here's my own intro:
063-1009111,1,1.9,Hello.
063-1009111,1,1.10,I'm Len Kasday.
063-1009111,1,1.11,"I had some opportunity to work on universal design while I was at AT&amp;amp;T Bell Labs, e.g. designing the workstations at our Relay centers to accommodate communications assistants who are sighted, who use Braille, and who use a large screen and magnification."
063-1009111,1,1.12,I'm now at the Institute on Disabilities at Temple University in Philadelphia.
063-1009111,1,1.13,"Also, I'm chair of this group."
063-1009111,1,1.14,(When you write about yourself please feel free to be a lot longer or shorter than I was.
063-1009111,1,1.15,"Also, if your official job, i.e. your &quot;day&quot; job, isn't disability related, please mention it if you'd like to."
063-1009111,1,1.16,It can be very helpful to get a different perspective).
063-1009111,1,1.17,-------
063-1009111,1,1.18,Leonard R. Kasday
063-1009111,1,1.19,Institute on Disabilities at Temple University
063-1009111,1,1.20,kasday@acm.org
063-1009111,1,1.21,telephone (215} 204 2247
063-1009111,1,1.22,"Chair, Web Accessibility Inititative Evaluation and Repair Interest Group"
063-1009111,1,1.23,http://www.w3.org/WAI/ER/
063-1009111,2,2.1,"&gt; To start out, would you each say a few words about yourself and your involvement in this area?"
063-1009111,2,2.2,&gt; I attached my own description below.
063-1009111,2,2.3,"My name is Daniel Dardailler and I work for W3C, acting as overall WAI Project Manager and also chair of the Evaluation&amp;amp;Repair working group (Len is chairing the Interest Group)."
063-1009111,2,2.4,"My involvement in Accessibility goes back to 1993 or so, when I started working on X Window Access."
063-1009111,2,2.5,I started at W3C in 1996 and helped starting and launching the WAI in 1997.
063-1009111,2,2.6,I think the work we're about to do in these two complementary ER groups is paramount to the success of the WAI.
063-1009111,2,2.7,"Furthermore, I expect the ER IG to be instrumental in defining and refining the exact deliverables of the WG group."
063-1009111,3,3.1,"Hi, I'm Al Gilman."
063-1009111,3,3.2,"When I joined the dev-access list I said &quot;I'm a standards reformer, and I have an agenda.&quot;"
063-1009111,3,3.3,"Maybe that was a little in-your-face, and then maybe I am."
063-1009111,3,3.4,General background is at &amp;lt;http://www.access.digex.net/~asgilman/&amp;gt; .
063-1009111,3,3.5,I am wearing at least two hats in this particular context.
063-1009111,3,3.6,Under one hat I am chairing the WAI Protocols and Formats Working Group.
063-1009111,3,3.7,I think we need to have some empirical backup for protocol and format suggestions we make in the future.
063-1009111,3,3.8,"So I am looking to this group to brainstorm some things to try, and the ER-WG to prototype some of them, so that we can be more confident of our recommendations."
063-1009111,3,3.9,Under another hat I am on the Trace Center team that will be supporting NSF NPACI webmasters with a toolkit strongly related to the results of the ER teams in the WAI.
063-1009111,3,3.10,"This has led me to be talking with webmasters and web evaluators in the U.S. Federal Government, which is a business headquartered near where I live."
063-1009111,3,3.11,I have been talking up this group with those folks.
063-1009111,3,3.12,Al
063-1009111,4,4.1,Hi
063-1009111,4,4.2,"I'm Gregg Vanderheiden,"
063-1009111,4,4.3,I am part of a research group at the university of wisconsin working on accessibility and information technologies.
063-1009111,4,4.4,We will also be funding a number of activities (tools) in the wai - er -wg.
063-1009111,4,4.5,So we are looking forward with great anticipation to the discussions here.
063-1009111,4,4.6,Gregg
063-1009111,4,4.7,Co-Chair GL guidelines Working Group
063-1009111,4,4.8,-- ------------------------------
063-1009111,4,4.9,Gregg C Vanderheiden Ph.D.
063-1009111,4,4.10,Professor - Human Factors
063-1009111,4,4.11,Dept of Ind. Engr. - U of Wis.
063-1009111,4,4.12,Director - Trace R &amp;amp; D Center
063-1009111,4,4.13,"Gv@trace.wisc.edu, http:// trace.wisc.edu /"
063-1009111,4,4.14,FAX 608/262-8848
063-1009111,4,4.15,For a list of our listserves send &quot;lists&quot; to listproc@ trace.wisc.edu
063-1009111,5,5.1,"Chairman Kasday, Mr. Dardailler, and distinguished members of WAI Evaluation and Repair Interest Group list:"
063-1009111,5,5.2,"Allow me to introduce my self, Phill Jenkins, IBM Special Needs Systems, Austin, TX"
063-1009111,5,5.3,"I'm currently working on accessibility in general for IBM, including hardware, software, and especially Web and Java."
063-1009111,5,5.4,"I've been accused of and called things, including::"
063-1009111,5,5.5,2.Web site content owner - www.ibm.com/sns
063-1009111,5,5.6,"3.Web site author, administrator, [and Web slave] - www.ibm.com/sns and other IBM sites"
063-1009111,5,5.7,"4.Tool vendors - IBM has many tools and applications including Screen Reader, Home Page Reader, I-checker, VisualAge, Fusion, Notes, Domino, etc."
063-1009111,5,5.8,5.trying to become an Expert on disabilities
063-1009111,5,5.9,6.was once an Expert on usability
063-1009111,5,5.10,- I actually did some original usability test for the PC back in the early 80's.
063-1009111,5,5.11,I witnessed test subjects removing [tearing off] the &quot;protective cover&quot; off the 5.25 inch floppy disks because of poor documentation and directions.
063-1009111,5,5.12,"7.and I can reach out to obtain input from novice users, non-technical web site content owners, and any other people who might not normally participate directly."
063-1009111,5,5.13,"Besides committing to a &quot;minimum 3 hours per week&quot;, remaining &quot;current on w3c-wai-er-ig list and respond[ing] in timely manner to postings&quot; and &quot;participat[ing] in bi-weekly to monthly phone meetings or send[ing] regrets to chair&quot;, I will continue to work on evaluating BOBBY, for both accessibility with our Java Screen Reader technology and use in evaluating our own IBM web sites."
063-1009111,5,5.14,I am also just now beginning to understand and learn Lotus Notes Domino - the twistie concern - and how it might be used to repair and/or filter site content to improve accessibility.
063-1009111,5,5.15,"Yes, I read the charter...http://www.w3.org/WAI/ER/IG/"
063-1009111,5,5.16,"Regards,"
063-1009111,5,5.17,Phill Jenkins
063-1009111,6,6.1,"Hello everyone,"
063-1009111,6,6.2,My name is Kitch Barnicle and I work part time at the American Foundation for the Blind in the technology access program.
063-1009111,6,6.3,When I am not at AFB I live the life of a graduate student.
063-1009111,6,6.4,"At the moment I am in the process of collecting data for my doctoral dissertation, which is basically a usability study of how users of speech interact with GUI elements."
063-1009111,6,6.5,"In general, I am interested in adapting usability testing techniques so that individuals with disabilities can be included in assessments of mainstream technology, including the web."
063-1009111,6,6.6,"Prior to joining AFB in the fall of 1993, I was a manager of evaluations at the federally funded rehabilitation engineering center on the evaluation of assistive technology."
063-1009111,6,6.7,"Though our evaluations primarily focused on mobility related devices such as wheelchairs, scooters and bathroom equipment, I think the experience will prove useful to me in this endeavor."
063-1009111,6,6.8,I'm looking forward to working with the group.
063-1009111,6,6.9,Kitch
066-15270802,1,1.1,Just a reminder:
066-15270802,1,1.2,we are holding a conference call today in spite of the fact that it is a holiday (Thanksgiving) in the US.
066-15270802,1,1.3,"I don't know if any of our editors will be on the call, so I suggest we use the time to discuss Wendy's draft charter."
066-15270802,1,1.4,It can be found at: http://www.w3.org/WAI/GL/new-charter-2000.html
066-15270802,1,1.5,Attendance at today's meeting is optional for our American colleagues.
066-15270802,1,1.6,"If you have to choose between turkey and talking, I will understand if you opt for the food."
066-15270802,1,1.7,"Regards,"
066-15270802,1,1.8,Chuck Letourneau
066-15270802,1,1.9,"Co-chair, WAI WCAG WG"
066-15270802,2,2.1,at least i can type with my mouth full !!!
066-15270802,2,2.2,"by the way, does anyone have any comments or suggestions on the Case Study we submitted on how to make Macromedia accessible?"
066-15270802,2,2.3,Would like to modify the 50 State Quarter Interactive Map at www1.usmint.gov.
066-15270802,2,2.4,We are also making more of these for other products and one is in development now.
066-15270802,2,2.5,Comments?
066-15270802,2,2.6,> Just a reminder:
066-15270802,2,2.7,> we are holding a conference call today in spite of the fact that it is a holiday (Thanksgiving) in the US.
066-15270802,2,2.8,"> I don't know if any of our editors will be on the call, so I suggest we use the time to discuss Wendy's draft charter."
066-15270802,2,2.9,> It can be found at: http://www.w3.org/WAI/GL/new-charter-2000.html
066-15270802,2,2.10,> Attendance at today's meeting is optional for our American colleagues.
066-15270802,2,2.11,"> If you have to choose between turkey and talking, I will understand if you opt for the food."
066-15270802,2,2.12,"> Regards,"
066-15270802,2,2.13,> Chuck Letourneau
066-15270802,2,2.14,">Co-chair, WAI WCAG WG"
066-15270802,3,3.1,could you please be sure to always include the telephone number and times in these communications please.
066-15270802,3,3.2,I have great difficulty in being available due to teaching duties.
066-15270802,3,3.3,--
066-15270802,3,3.4,jay@peepo.com
066-15270802,4,4.1,aloha!
066-15270802,4,4.2,"in addition to including the phone number and time of the call in meeting announcements, could you please email the reminders the day _BEFORE_ the meeting, as it does me little good if i receive a reminder for a meeting shortly before the meeting begins, especially if that is a day where i could spare an hour or so for a telecon, but don't want to get sucked into answering all of my accumulated email!"
066-15270802,4,4.3,gregory
066-15270802,4,4.4,--------------------------------------------------------
066-15270802,4,4.5,"He that lives on Hope, dies farting"
066-15270802,4,4.6,"-- Benjamin Franklin, Poor Richard's Almanack, 1763"
066-15270802,4,4.7,--------------------------------------------------------
066-15270802,4,4.8,Gregory J. Rosmaita &lt;unagi69@concentric.net&gt;
066-15270802,4,4.9,"WebMaster and Minister of Propaganda, VICUG NYC"
066-15270802,4,4.10,&lt;http://www.hicom.net/~oedipus/vicug/index.html&gt;
066-15270802,4,4.11,--------------------------------------------------------
066-15270802,5,5.1,> aloha!
066-15270802,5,5.2,"> in addition to including the phone number and time of the call in meeting announcements, could you please email the reminders the day _BEFORE_ the meeting, as it does me little good if i receive a reminder for a meeting shortly before the meeting begins, especially if that is a day where i could spare an hour or so for a telecon, but don't want to get sucked into answering all of my accumulated email!"
066-15270802,5,5.3,> gregory
066-15270802,5,5.4,seconded
066-15270802,5,5.5,--
066-15270802,5,5.6,jay@peepo.com
066-15270802,6,6.1,"I beleive WAI and assume W3C policy is that meeting announcements, including an agenda should be posted to the list at least 24 hours prior to a telecon meeting."
066-15270802,6,6.2,I have tried to adhere to this policy in the UA working group and I think it has help keep people interested in the participating in the telecons.
066-15270802,6,6.3,Jon Gunderson
066-15270802,6,6.4,Chair
066-15270802,6,6.5,UAAG
066-15270802,6,6.6,>> aloha!
066-15270802,6,6.7,">> in addition to including the phone number and time of the call in meeting announcements, could you please email the reminders the day _BEFORE_ the meeting, as it does me little good if i receive a reminder for a meeting shortly before the meeting begins, especially if that is a day where i could spare an hour or so for a telecon, but don't want to get sucked into answering all of my accumulated email!"
066-15270802,6,6.8,>> gregory
066-15270802,6,6.9,> seconded
066-15270802,6,6.10,> --
066-15270802,6,6.11,>jay@peepo.com
066-15270802,7,7.1,tx
066-15270802,7,7.2,jay@peepo.com
067-1027069,1,1.1,"Question: Does a requirement to use graphics ""when appropriate"" -- something that may not be easily done by users with visual disabilities -- mean that blind people are not going to be ""good"" web designers?"
067-1027069,1,1.2,Especially if we are going to expect them to be skilled in graphical user interface design and understand how to use images to communicate with people with cognitive disabilities?
067-1027069,1,1.3,"If we adopted a ""use graphics"" requirement as a P1, would a blind designer be able to meet that requirement effectively?"
067-1027069,1,1.4,Just thinking out loud
067-1027069,1,1.5,-- don't mind me.
067-1027069,1,1.6,--
067-1027069,1,1.7,Kynn Bartlett &lt;kynn@idyllmtn.com&gt; http://www.kynn.com/
067-1027069,1,1.8,"Director of Accessibility, edapta http://www.edapta.com/"
067-1027069,1,1.9,"Chief Technologist, Idyll Mountain Internet http://www.idyllmtn.com/"
067-1027069,1,1.10,AWARE Center Director http://www.awarecenter.org/
067-1027069,2,2.1,"Some would, some wouldn't."
067-1027069,2,2.2,Same as sighted people.
067-1027069,2,2.3,"For example, some of my blind friends are much more visually capable than I am, and some aren't."
067-1027069,2,2.4,An analgous question might be to ask whether a blind person is going to be able to adequately describe an image - currently a P1 requirement in a number of situations.
067-1027069,2,2.5,cheers
067-1027069,2,2.6,Charles
067-1027069,2,2.7,"> Question: Does a requirement to use graphics ""when appropriate"" -- something that may not be easily done by users with visual disabilities -- mean that blind people are not going to be ""good"" web designers?"
067-1027069,2,2.8,> Especially if we are going to expect them to be skilled in graphical user interface design and understand how to use images to communicate with people with cognitive disabilities?
067-1027069,2,2.9,"> If we adopted a ""use graphics"" requirement as a P1, would a blind designer be able to meet that requirement effectively?"
067-1027069,2,2.10,> Just thinking out loud
067-1027069,2,2.11,> -- don't mind me.
067-1027069,2,2.12,--
067-1027069,2,2.13,Charles McCathieNevile mailto:charles@w3.org phone: +61 (0) 409 134 136
067-1027069,2,2.14,W3C Web Accessibility Initiative http://www.w3.org/WAI
067-1027069,2,2.15,"Location: I-cubed, 110 Victoria Street, Carlton VIC 3053"
067-1027069,2,2.16,"Postal: GPO Box 2476V, Melbourne 3001, Australia"
067-1027069,3,3.1,"> Some would, some wouldn't."
067-1027069,3,3.2,> Same as sighted people.
067-1027069,3,3.3,"> For example, some of my blind friends are much more visually capable than I am, and some aren't."
067-1027069,3,3.4,> An analgous question might be to ask whether a blind person is going to be able to adequately describe an image - currently a P1 requirement in a number of situations.
067-1027069,3,3.5,"It's not the same, because a blind person can simply choose to -not- use an image if they feel they can't reasonably describe it...under the current guidelines."
067-1027069,3,3.6,(This changes when images become a -requirement for accessibility-.)
067-1027069,3,3.7,"You do bring up a good point, however, that many people who can see are also not ""visually capable"" and may not be able to provide graphics easily."
067-1027069,3,3.8,I'm not sure if -I- can provide decent graphics for my sites
067-1027069,3,3.9,-- and I refuse to believe that I need to give up web design because people with CDs (supposedly) need graphics...
067-1027069,3,3.10,--
067-1027069,3,3.11,Kynn Bartlett &lt;kynn@idyllmtn.com&gt; http://www.kynn.com/
067-1027069,3,3.12,"Director of Accessibility, edapta http://www.edapta.com/"
067-1027069,3,3.13,"Chief Technologist, Idyll Mountain Internet http://www.idyllmtn.com/"
067-1027069,3,3.14,AWARE Center Director http://www.awarecenter.org/
067-1027069,3,3.15,Next of Kynn: a quasi-regular web log http://www.kynn.com/next/
067-1027069,4,4.1,> and I refuse to believe that I need to give up web design because people with CDs (supposedly) need graphics...
067-1027069,4,4.2,"If all web authors felt like this about groups they are not prepared to cater to, its no wonder we need WAI."
067-1027069,4,4.3,jay@peepo.com
067-1027069,4,4.4,special needs teacher
067-1027069,4,4.5,web accessibility consultant
067-1027069,5,5.1,"> If we adopted a ""use graphics"" requirement as a P1, would a blind designer be able to meet that requirement effectively?"
067-1027069,5,5.2,"There are lots of cases where a blind designer could use graphics as effectively, or actually more effectively, than a sighted person."
067-1027069,5,5.3,These are cases where the graphics are selected or generated in a rule based or standardized way.
067-1027069,5,5.4,"For example, there are packages that generate flow charts from a textual description of a process."
067-1027069,5,5.5,These insure a sensible flow chart...
067-1027069,5,5.6,"at least a chart that ""parses"" correctly."
067-1027069,5,5.7,"On the other hand, I've seen too many flow chart style diagrams by sighted people where I have trouble understanding what conventions if any they're using."
067-1027069,5,5.8,I'll take a rule based design by a blind indivdiual any day.
067-1027069,5,5.9,"Other examples are graphs generated from data, schematic diagrams generated from pspice lists, and icons selected from a standardized set."
067-1027069,5,5.10,"Also, page layout and color selection can be made according to rules and standards."
067-1027069,5,5.11,"Now, what about more creatively artistic uses of design, uses that can't be reduced to mathematical or verbal rules?"
067-1027069,5,5.12,"Well, first of all that goes beyond our guidelines:"
067-1027069,5,5.13,we're just looking at usability and I think rule-based graphics should handle that.
067-1027069,5,5.14,"Second of all, I think there are certainly some blind individuals who can produce better art than some sighted individuals (better than me for example), certainly among people who have some vision and early visual experience."
067-1027069,5,5.15,As for art by people born blind... I'm not familiar with that area but I woudn't be surprised there's some remarkable use of shape and form.
067-1027069,5,5.16,--
067-1027069,5,5.17,"Leonard R. Kasday, Ph.D."
067-1027069,5,5.18,"Institute on Disabilities/UAP, and"
067-1027069,5,5.19,Department of Electrical Engineering
067-1027069,5,5.20,Temple University
067-1027069,5,5.21,"423 Ritter Annex, Philadelphia, PA 19122"
067-1027069,5,5.22,kasday@acm.org
067-1027069,5,5.23,http://astro.temple.edu/~kasday
067-1027069,5,5.24,(215) 204-2247 (voice)
067-1027069,5,5.25,(800) 750-7428 (TTY)
067-1027069,6,6.1,>> and I refuse to believe that I need to give up web design because people with CDs (supposedly) need graphics...
067-1027069,6,6.2,"> If all web authors felt like this about groups they are not prepared to cater to, its no wonder we need WAI."
067-1027069,6,6.3,"Jonathan, do you really mean to be insulting to me?"
067-1027069,6,6.4,"We may be having a comprehension problem, but if you're going to react in a way that seems to question my ""loyalty to cause"" -- despite being willing to take the time needed to work through this issue, as my repeated email messages haven proven that I'm willing to do -- then you're likely to turn away even MORE people who could be your strongest allies."
067-1027069,6,6.5,Perhaps this is just a communication error
067-1027069,6,6.6,"-- your ""style"" of writing is vastly different from mine, and I certainly see how confusion could result."
067-1027069,6,6.7,--
067-1027069,6,6.8,Kynn Bartlett &lt;kynn@operamail.com&gt;
067-1027069,6,6.9,http://www.kynn.com/
067-1027069,6,6.10,My Browser Is Faster Than Yours
067-11978590,1,1.1,"We are moving forward with holding a face2face meeting in Bristol, England 5 and 6 October."
067-11978590,1,1.2,It has been proposed that the Authoring Tool Working Group join us to discuss the revision of WCAG on the afternoon of the 6th.
067-11978590,1,1.3,How do people feel about this opportunity to discuss the current state of the draft with another working group?
067-11978590,1,1.4,Do you feel we will need the full two days to work on the draft?
067-11978590,1,1.5,"Thanks,"
067-11978590,1,1.6,--wendy
067-11978590,1,1.7,--
067-11978590,1,1.8,wendy a chisholm
067-11978590,1,1.9,world wide web consortium
067-11978590,1,1.10,web accessibility initiative
067-11978590,1,1.11,"madison, wi usa"
067-11978590,1,1.12,tel: +1 608 663 6346
067-11978590,1,1.13,/--
067-11978590,2,2.1,&gt; How do people feel about this opportunity to discuss the current state of the draft with another working group?
067-11978590,2,2.2,&gt; Do you feel we will need the full two days to work on the draft?
067-11978590,2,2.3,WL: I believe that it is mandatory to discuss states of the draft as they are reached to help avoid possible oversights and conflicts.
067-11978590,2,2.4,I believe that it will take far more than the two full days to work on the draft and that a meeting involving AU will constitute &quot;working on the draft.&quot;
067-11978590,2,2.5,"I may be the only one who's on five (count 'em 5) Working Groups and even though there is some personnel overlap, the groups do &quot;feel&quot; different."
067-11978590,2,2.6,It (Bristol) is something to look forward to and prepare for.
067-11978590,2,2.7,I hope it works out because the WAI's influence on the overall W3C and the strength-through-diversity we're achieving is a great model for just about everything and it's starting to bear fruit.
067-11978590,2,2.8,--
067-11978590,2,2.9,Love.
067-11978590,2,2.10,ACCESSIBILITY IS RIGHT - NOT PRIVILEGE
067-11978590,2,2.11,http://dicomp.pair.com
067-11978590,3,3.1,Could you please advise me who will be attending?
067-11978590,3,3.2,is there an agenda?
067-11978590,3,3.3,"would it be helpful, if I was present?"
067-11978590,3,3.4,with someone with learning difficulties?
067-11978590,3,3.5,to demonstrate problems regarding web accessibility?
067-11978590,3,3.6,jonathan chetwynd
067-11978590,3,3.7,jc@signbrowser.org.uk
067-11978590,3,3.8,special needs teacher
067-11978590,3,3.9,web accessibility consultant
067-11978590,4,4.1,Suits me...
067-11978590,4,4.2,(But then I have an interest in AU tooo &amp;lt;grin/&amp;gt; )
067-11978590,4,4.3,Charles McCN
067-11978590,4,4.4,"&gt; We are moving forward with holding a face2face meeting in Bristol, England 5 and 6 October."
067-11978590,4,4.5,&gt; It has been proposed that the Authoring Tool Working Group join us to discuss the revision of WCAG on the afternoon of the 6th.
067-11978590,4,4.6,&gt; How do people feel about this opportunity to discuss the current state of the draft with another working group?
067-11978590,4,4.7,&gt; Do you feel we will need the full two days to work on the draft?
067-11978590,4,4.8,"&gt; Thanks,"
067-11978590,4,4.9,&gt; --wendy
067-11978590,4,4.10,&gt; --
067-11978590,4,4.11,&gt; wendy a chisholm
067-11978590,4,4.12,&gt; world wide web consortium
067-11978590,4,4.13,&gt; web accessibility initiative
067-11978590,4,4.14,"&gt; madison, wi usa"
067-11978590,4,4.15,&gt; tel: +1 608 663 6346
067-11978590,4,4.16,--
067-11978590,4,4.17,Charles McCathieNevile mailto:charles@w3.org phone: +61 (0) 409 134 136
067-11978590,4,4.18,W3C Web Accessibility Initiative http://www.w3.org/WAI
067-11978590,4,4.19,"Location: I-cubed, 110 Victoria Street, Carlton VIC 3053"
067-11978590,4,4.20,"Postal: GPO Box 2476V, Melbourne 3001, Australia"
067-11978590,5,5.1,&gt; Could you please advise me who will be attending?
067-11978590,5,5.2,"We have not begun registration, but it appears that the core WCAG members (those who have been attending teleconference calls regularly) will be able to attend the WCAG meetings on Thursday and Friday (5 &amp;amp; 6 October)."
067-11978590,5,5.3,I'm not sure who from the Authoring Tool Working Group will join us on Friday afternoon.
067-11978590,5,5.4,&gt; is there an agenda?
067-11978590,5,5.5,"There is not yet a detailed agenda, although the main point of the meetings is to discuss the next revision of WCAG."
067-11978590,5,5.6,"&gt; would it be helpful, if I was present?"
067-11978590,5,5.7,sure.
067-11978590,5,5.8,&gt; with someone with learning difficulties?
067-11978590,5,5.9,even better.
067-11978590,5,5.10,&gt; to demonstrate problems regarding web accessibility?
067-11978590,5,5.11,Sounds interesting!
067-11978590,5,5.12,--wendy
067-11978590,5,5.13,--
067-11978590,5,5.14,wendy a chisholm
067-11978590,5,5.15,world wide web consortium
067-11978590,5,5.16,web accessibility initiative
067-11978590,5,5.17,"madison, wi usa"
067-11978590,5,5.18,tel: +1 608 663 6346
067-11978590,5,5.19,/--
067-11978590,6,6.1,"Hi, I am new to the grope, so I am sorry to ask for repeat information."
067-11978590,6,6.2,"I would like to know the details of this meeting, so that I can try to come."
067-11978590,6,6.3,Thanks
067-11978590,6,6.4,Lisa Seeman
067-11978590,6,6.5,&gt;&gt; Could you please advise me who will be attending?
067-11978590,6,6.6,"&gt; We have not begun registration, but it appears that the core WCAG members (those who have been attending teleconference calls regularly) will be able to attend the WCAG meetings on Thursday and Friday (5 &amp;amp; 6 October)."
067-11978590,6,6.7,&gt; I'm not sure who from the Authoring Tool Working Group will join us on Friday afternoon.
067-11978590,6,6.8,&gt;&gt; is there an agenda?
067-11978590,6,6.9,"&gt; There is not yet a detailed agenda, although the main point of the meetings is to discuss the next revision of WCAG."
067-11978590,6,6.10,"&gt;&gt; would it be helpful, if I was present?"
067-11978590,6,6.11,&gt; sure.
067-11978590,6,6.12,&gt;&gt; with someone with learning difficulties?
067-11978590,6,6.13,&gt; even better.
067-11978590,6,6.14,&gt;&gt; to demonstrate problems regarding web accessibility?
067-11978590,6,6.15,&gt; Sounds interesting!
067-11978590,6,6.16,&gt; --wendy
067-11978590,6,6.17,&gt; --
067-11978590,6,6.18,&gt; wendy a chisholm
067-11978590,6,6.19,&gt; world wide web consortium
067-11978590,6,6.20,&gt; web accessibility initiative
067-11978590,6,6.21,"&gt; madison, wi usa"
067-11978590,6,6.22,&gt; tel: +1 608 663 6346
067-11978590,6,6.23,________________________________________________________________________
067-11978590,6,6.24,"Get Your Private, Free E-mail from MSN Hotmail at http://www.hotmail.com"
067-11978590,7,7.1,Thanks Wendy for this really positive response.
067-11978590,7,7.2,"I do hope I have not gone overboard with enthusiasm, and realise that you may all have a few other matters arising."
067-11978590,7,7.3,"I can gassbag on for ever, but would you all (ok most or even some) like to see some commercial graphics/multimedia software designed to be used by Learning Difficulties clients for authoring."
067-11978590,7,7.4,"I have 2 packages in mind, together with a variety of printed documents, from a number of different sources."
067-11978590,7,7.5,"Also, why Bristol, London is a good bit more convenient for me, and a LD client?"
067-11978590,7,7.6,I might also be able to organise a visit to a LD day centre for interested parties.
067-11978590,7,7.7,jonathan chetwynd
067-11978590,7,7.8,jc@signbrowser.org.uk
067-11978590,7,7.9,special needs teacher
067-11978590,7,7.10,web accessibility consultant
068-16207900,1,1.1,I am not sure this will hold but
068-16207900,1,1.2,As a general rule....
068-16207900,1,1.3,I think we should try to design guidelines that do not forbid anything - but
068-16207900,1,1.4,rather tell people how to do things so that they will be accessible.
068-16207900,1,1.5,When the next version comes out next week - we should look through it to see
068-16207900,1,1.6,how it looks in this regard.
068-16207900,1,1.7,Gregg
068-16207900,1,1.8,-- ------------------------------
068-16207900,1,1.9,Gregg C Vanderheiden Ph.D.
068-16207900,1,1.10,Professor - Human Factors
068-16207900,1,1.11,Depts of Ind. and Biomed. Engr. - U of Wis.
068-16207900,1,1.12,Director - Trace R &amp;amp; D Center
068-16207900,1,1.13,"Gv@trace.wisc.edu, http://trace.wisc.edu/"
068-16207900,1,1.14,FAX 608/262-8848
068-16207900,1,1.15,For a list of our listserves send &quot;lists&quot; to listproc@trace.wisc.edu
068-16207900,2,2.1,"At 06:38 PM 3/24/2001 , Gregg Vanderheiden wrote:"
068-16207900,2,2.2,&amp;gt; I am not sure this will hold but
068-16207900,2,2.3,&amp;gt; As a general rule....
068-16207900,2,2.4,&amp;gt; I think we should try to design guidelines that do not forbid anything - but
068-16207900,2,2.5,&amp;gt; rather tell people how to do things so that they will be accessible.
068-16207900,2,2.6,"I agree with this approach. Consistent with this approach, I feel,"
068-16207900,2,2.7,"is a methodology of &quot;guiding&quot; which says &quot;well, you -can- do it, but"
068-16207900,2,2.8,"to do it right you have to do (x), (y), and (z), and that will still"
068-16207900,2,2.9,"mean you're losing out on (a), (b), and (c), but if you REALLY REALLY"
068-16207900,2,2.10,"WANT TO, hey, it's your choice.&quot;"
068-16207900,2,2.11,This isn't forbidding anything -- but it's making it clear that there
068-16207900,2,2.12,"are definite problems with certain approaches, and if someone chooses"
068-16207900,2,2.13,"to follow that path, they at least will be aware of the consequences"
068-16207900,2,2.14,of their actions.
068-16207900,2,2.15,--Kynn
068-16207900,2,2.16,Kynn Bartlett &amp;lt;kynn@reef.com&amp;gt;
068-16207900,2,2.17,Technical Developer Liaison
068-16207900,2,2.18,Reef North America
068-16207900,2,2.19,Tel +1 949-567-7006
068-16207900,2,2.20,________________________________________
068-16207900,2,2.21,ACCESSIBILITY IS DYNAMIC. TAKE CONTROL.
068-16207900,2,2.22,________________________________________
068-16207900,2,2.23,http://www.reef.com
068-16207900,3,3.1,I think even WCAG 1.0 can be regarded as consistent with this method of
068-16207900,3,3.2,"specifying guidelines, in that the word &quot;avoid&quot; was deliberately chosen to"
068-16207900,3,3.3,"imply the existence of alternative, more accessible, means of achieving"
068-16207900,3,3.4,"the same objective. WCAG 2.0 should, however, make this point clearer, to"
068-16207900,3,3.5,avoid (pun intended) giving the impression that there are prohibitions in
068-16207900,3,3.6,the guidelines that would limit the capacity of content creators to design
068-16207900,3,3.7,web sites that fulfill their respective purposes.
068-16207900,4,4.1,"Gregg,"
068-16207900,4,4.2,You make an excellent point!
068-16207900,4,4.3,"As soon as you &quot;forbid&quot; something, you find out that some disabled group"
068-16207900,4,4.4,at an opposite end of some spectrum &quot;needs&quot; what you've forbidden ... we
068-16207900,4,4.5,"need to explain the consequences, and let the author decide what is most"
068-16207900,4,4.6,appropriate for his/her site.
068-16207900,4,4.7,Anne
068-16207900,4,4.8,"At 08:38 PM 3/24/01 -0600, Gregg Vanderheiden wrote:"
068-16207900,4,4.9,&amp;gt; I am not sure this will hold but
068-16207900,4,4.10,&amp;gt; As a general rule....
068-16207900,4,4.11,&amp;gt; I think we should try to design guidelines that do not forbid anything - but
068-16207900,4,4.12,&amp;gt; rather tell people how to do things so that they will be accessible.
068-16207900,4,4.13,&amp;gt;
068-16207900,4,4.14,&amp;gt; When the next version comes out next week - we should look through it to see
068-16207900,4,4.15,&amp;gt; how it looks in this regard.
068-16207900,4,4.16,&amp;gt;
068-16207900,4,4.17,&amp;gt;
068-16207900,4,4.18,&amp;gt; Gregg
068-16207900,4,4.19,&amp;gt;
068-16207900,4,4.20,&amp;gt; -- ------------------------------
068-16207900,4,4.21,&amp;gt; Gregg C Vanderheiden Ph.D.
068-16207900,4,4.22,&amp;gt; Professor - Human Factors
068-16207900,4,4.23,&amp;gt; Depts of Ind. and Biomed. Engr. - U of Wis.
068-16207900,4,4.24,&amp;gt; Director - Trace R &amp;amp; D Center
068-16207900,4,4.25,"&amp;gt; Gv@trace.wisc.edu, http://trace.wisc.edu/"
068-16207900,4,4.26,&amp;gt; FAX 608/262-8848
068-16207900,4,4.27,&amp;gt; For a list of our listserves send &quot;lists&quot; to listproc@trace.wisc.edu
068-16207900,4,4.28,&amp;gt;
068-16207900,4,4.29,&amp;gt;
068-16207900,4,4.30,&amp;gt;
068-16207900,4,4.31,&amp;gt;
068-16207900,4,4.32,Anne Pemberton
068-16207900,4,4.33,apembert@erols.com
068-16207900,4,4.34,http://www.erols.com/stevepem
068-16207900,4,4.35,http://www.geocities.com/apembert45
068-16207900,5,5.1,"At 8:08 PM -0500 3/26/01, Anne Pemberton wrote:"
068-16207900,5,5.2,"&amp;gt; Gregg,"
068-16207900,5,5.3,&amp;gt;
068-16207900,5,5.4,&amp;gt; You make an excellent point!
068-16207900,5,5.5,&amp;gt;
068-16207900,5,5.6,"&amp;gt; As soon as you &quot;forbid&quot; something, you find out that some"
068-16207900,5,5.7,&amp;gt; disabled group
068-16207900,5,5.8,&amp;gt; at an opposite end of some spectrum &quot;needs&quot; what you've forbidden ... we
068-16207900,5,5.9,"&amp;gt; need to explain the consequences, and let the author decide what is most"
068-16207900,5,5.10,&amp;gt; appropriate for his/her site.
068-16207900,5,5.11,Excellent point -- the body of knowledge for disability access
068-16207900,5,5.12,"considerations, beyond those of blind people (which are generally"
068-16207900,5,5.13,"well-explored these days), is pretty skimpy. We're -still- in the"
068-16207900,5,5.14,"exploration/discovery process of &quot;what works&quot;, and as we see more"
068-16207900,5,5.15,solutions like Reef's -- which allow you to build an interface for
068-16207900,5,5.16,ONE audience without fearing interference with OTHER audiences'
068-16207900,5,5.17,interfaces -- we will encounter more and more solutions which will
068-16207900,5,5.18,&quot;work&quot; for some people and &quot;not work&quot; for others.
068-16207900,5,5.19,"Forbidding them outright will cause a lot of problems, in the same"
068-16207900,5,5.20,way that alternate interfaces stated &quot;as a last resort&quot; cause problems
068-16207900,5,5.21,"when usable, accessible design is your &quot;first resort&quot;!"
068-16207900,5,5.22,"Absolutes should be avoided, always."
068-16207900,5,5.23,--Kynn
068-16207900,5,5.24,--
068-16207900,5,5.25,Kynn Bartlett &amp;lt;kynn@idyllmtn.com&amp;gt;
068-16207900,5,5.26,http://www.kynn.com/
068-16207900,6,6.1,"At 08:32 PM 3/26/01 -0800, Kynn Bartlett wrote:"
068-16207900,6,6.2,"&amp;gt; Absolutes should be avoided, always."
068-16207900,6,6.3,Absolutely!
068-16207900,6,6.4,--
068-16207900,6,6.5,Love.
068-16207900,6,6.6,ACCESSIBILITY IS RIGHT - NOT PRIVILEGE
070-4154814,1,1.1,"I have noticed that when using a screen reading browser such as IBM homepage reader when words are joined together for example &quot;homepage&quot; the words &quot;home&quot; and &quot;page&quot; are not recognised, as a consequence the joined words become incomprehensible to the screenreading software."
070-4154814,1,1.2,I haven't found any references to this within the gudielines.
070-4154814,1,1.3,have i missed them?
070-4154814,2,2.1,14.1 Use the clearest and simplest language appropriate... [priority 1]
070-4154814,2,2.2,Of course at some point speech technology needs to learn how to deal with common but new terms in a language.
070-4154814,2,2.3,Homepage is one that I would expect to work - especially in a product whose name includes the term.
070-4154814,2,2.4,But Text to Speech is an inexact science - even people who are experts cannot agree to pronounce words the same way.
070-4154814,2,2.5,Just ask a well-trained and very literate American chemist what the eleme whose symbol is Al is called - they tell you about a thing called &quot;aluminum&quot;.
070-4154814,2,2.6,But they are in fact referring to what any Australian voice recogniser would expect to hear as al-(y)a-min-(i)-yum.
070-4154814,2,2.7,The problem is funnier (after people get over the inconvenience of learning about it) when a screen reader uses a finnish or swedish synthesiser but provides its cues and prompts in english...
070-4154814,2,2.8,cheers
070-4154814,2,2.9,Chaalls
070-4154814,2,2.10,"&gt; I have noticed that when using a screen reading browser such as IBM homepage reader when words are joined together for example &quot;homepage&quot; the words &quot;home&quot; and &quot;page&quot; are not recognised, as a consequence the joined words become incomprehensible to the screenreading software."
070-4154814,2,2.11,&gt; I haven't found any references to this within the gudielines.
070-4154814,2,2.12,&gt; have i missed them?
070-4154814,2,2.13,--
070-4154814,2,2.14,Charles McCathieNevile http://www.w3.org/People/Charles phone: +61 409 134 136
070-4154814,2,2.15,W3C Web Accessibility Initiative http://www.w3.org/WAI fax: +33 4 92 38 78 22
070-4154814,2,2.16,"Location: 21 Mitchell street FOOTSCRAY Vic 3011, Australia"
070-4154814,2,2.17,"(or W3C INRIA, Route des Lucioles, BP 93, 06902 Sophia Antipolis Cedex, France)"
070-4154814,3,3.1,"&gt; I have noticed that when using a screen reading browser such as IBM homepage reader when words are joined together for example &quot;homepage&quot; the words &quot;home&quot; and &quot;page&quot; are not recognised, as a consequence the joined words become incomprehensible to the screenreading software."
070-4154814,3,3.2,&gt; I haven't found any references to this within the gudielines.
070-4154814,3,3.3,&gt; have i missed them?
070-4154814,3,3.4,"No, it's not obvious at all."
070-4154814,3,3.5,"Yes, when in doubt, hypenate compounds if you have any doubt as to how long they have been in the language."
070-4154814,3,3.6,Some screen readers will successfully divide camelCase agglutinations.
070-4154814,3,3.7,"I don't know how widespread this is, though."
070-4154814,3,3.8,You would have to have the memory of an elephant to pull up the following flames.
070-4154814,3,3.9,"But they do touch on text-to-speech, along with lay persons, people operating in a second language, and others with reading difficulty as at risk on account of unusual words including neologisms:"
070-4154814,3,3.10,http://lists.w3.org/Archives/Public/w3c-wai-er-ig/2000Dec/0079.html
070-4154814,3,3.11,http://lists.w3.org/Archives/Public/w3c-wai-gl/2001JulSep/0542.html
070-4154814,3,3.12,The point is to have and apply a reasonably small word list and handle those things that fall outside this list as special.
070-4154814,3,3.13,My spell-checker in Eudora 4 bounces 'homepage' and suggests &quot;home page&quot; as a possible correction.
070-4154814,3,3.14,Need we say more?
070-4154814,3,3.15,It could be as simple as &lt;acronym title=&quot;home page&quot;&gt; homepage &lt;/acronym&gt; although purists will yell at me.
070-4154814,3,3.16,Al
070-4154814,3,3.17,Al
070-4154814,4,4.1,There is probably a good argument for raising the issue of proper names.
070-4154814,4,4.2,In my brief experience it seems that common dictionary words are read well enough.
070-4154814,4,4.3,However it seems that people and place names are not.
070-4154814,4,4.4,These are the very words that are of greatest interest.
070-4154814,4,4.5,"it would also be great to see a decent ua that offered alternative readings (as per spell checker example), a memorise function, and possibly the opportunity to share the choice with a public database."
070-4154814,4,4.6,Perhaps somone knows of this?
070-4154814,4,4.7,thanks
070-4154814,5,5.1,It would appear that this is readily available using Speech synthesis markup language and XSLT (or XSLT 2 perhaps)...
070-4154814,5,5.2,or someone can make smarter and smarter speech synthessisers.
070-4154814,5,5.3,"If Audio CSS allowed something equivalent to SSML's say-as propoerty, we would be closer perhaps."
070-4154814,5,5.4,Cheers
070-4154814,5,5.5,Chaals
070-4154814,5,5.6,&gt; There is probably a good argument for raising the issue of proper names.
070-4154814,5,5.7,&gt; In my brief experience it seems that common dictionary words are read well enough.
070-4154814,5,5.8,&gt; However it seems that people and place names are not.
070-4154814,5,5.9,&gt; These are the very words that are of greatest interest.
070-4154814,5,5.10,"&gt; it would also be great to see a decent ua that offered alternative readings (as per spell checker example), a memorise function, and possibly the opportunity to share the choice with a public database."
070-4154814,5,5.11,&gt; Perhaps somone knows of this?
070-4154814,5,5.12,&gt; thanks
070-4154814,5,5.13,--
070-4154814,5,5.14,Charles McCathieNevile http://www.w3.org/People/Charles phone: +61 409 134 136
070-4154814,5,5.15,W3C Web Accessibility Initiative http://www.w3.org/WAI fax: +33 4 92 38 78 22
070-4154814,5,5.16,"Location: 21 Mitchell street FOOTSCRAY Vic 3011, Australia"
070-4154814,5,5.17,"(or W3C INRIA, Route des Lucioles, BP 93, 06902 Sophia Antipolis Cedex, France)"
070-4154814,6,6.1,&gt; It would appear that this is readily available using Speech synthesis markup language and XSLT (or XSLT 2 perhaps)...
070-4154814,6,6.2,&gt; or someone can make smarter and smarter speech synthessisers.
070-4154814,6,6.3,"&gt; If Audio CSS allowed something equivalent to SSML's say-as propoerty, we would be closer perhaps."
070-4154814,6,6.4,"Sorry, you are missing the main brunt of Jonathan's remarks."
070-4154814,6,6.5,"Yes, SSML, modularized, provides the WCAG piece."
070-4154814,6,6.6,But who/how accesses the dictionary?
070-4154814,6,6.7,One of the creative things he raises is uploading your pronunciation repairs to the community.
070-4154814,6,6.8,What Annotea would like to do.
070-4154814,6,6.9,"But personal data is in LDAP today, not RDF."
070-4154814,6,6.10,So we need LDAP bindings for the SSML.
070-4154814,6,6.11,To make the web whole.
070-4154814,6,6.12,Al
070-4154814,6,6.13,&gt; Cheers
070-4154814,6,6.14,&gt; Chaals
070-4154814,6,6.15,&gt;&gt; There is probably a good argument for raising the issue of proper names.
070-4154814,6,6.16,&gt;&gt; In my brief experience it seems that common dictionary words are read well enough.
070-4154814,6,6.17,&gt;&gt; However it seems that people and place names are not.
070-4154814,6,6.18,&gt;&gt; These are the very words that are of greatest interest.
070-4154814,6,6.19,"&gt;&gt; it would also be great to see a decent ua that offered alternative readings (as per spell checker example), a memorise function, and possibly the opportunity to share the choice with a public database."
070-4154814,6,6.20,&gt;&gt; Perhaps somone knows of this?
070-4154814,6,6.21,&gt;&gt; thanks
070-4154814,6,6.22,&gt; --
070-4154814,6,6.23,&gt; Charles McCathieNevile http://www.w3.org/People/Charles phone: +61 409 134 136
070-4154814,6,6.24,&gt; W3C Web Accessibility Initiative http://www.w3.org/WAI fax: +33 4 92 38 78 22
070-4154814,6,6.25,"&gt; Location: 21 Mitchell street FOOTSCRAY Vic 3011, Australia"
070-4154814,6,6.26,"&gt; (or W3C INRIA, Route des Lucioles, BP 93, 06902 Sophia Antipolis Cedex, France)"
071-10334272,1,1.1,Quick question.
071-10334272,1,1.2,"In earlier versions of Acrobat, it was not possible to make PDF files accessible if the files were actually developed on a Macintosh."
071-10334272,1,1.3,"Is this still the case with the latest version of Acrobat for the Mac (version 6.0, I believe)?"
071-10334272,1,1.4,Thanks for any information.
071-10334272,1,1.5,Doyle
071-10334272,1,1.6,Doyle Burnett
071-10334272,1,1.7,Education and Training Specialist
071-10334272,1,1.8,Multiple Disabilities Program
071-10334272,1,1.9,Special Education Service Agency
071-10334272,1,1.10,dburnett@sesa.org
071-10334272,1,1.11,Www.sesa.org
071-10334272,1,1.12,--
071-10334272,2,2.1,"Doyle,"
071-10334272,2,2.2,The Make Accessible command is now available in Acrobat Pro 6.0 for the Mac as well as for Windows.
071-10334272,2,2.3,Loretta
071-10334272,2,2.4,> Quick question.
071-10334272,2,2.5,"> In earlier versions of Acrobat, it was not possible to make PDF files accessible if the files were actually developed on a Macintosh."
071-10334272,2,2.6,"> Is this still the case with the latest version of Acrobat for the Mac (version 6.0, I believe)?"
071-10334272,2,2.7,> Thanks for any information.
071-10334272,2,2.8,> Doyle
071-10334272,2,2.9,> Doyle Burnett
071-10334272,2,2.10,> Education and Training Specialist
071-10334272,2,2.11,> Multiple Disabilities Program
071-10334272,2,2.12,> Special Education Service Agency
071-10334272,2,2.13,> dburnett@sesa.org
071-10334272,2,2.14,> Www.sesa.org
071-10334272,2,2.15,> --
071-10334272,3,3.1,A clarification:
071-10334272,3,3.2,"it is available in both Acrobat 6.0 Professional and Acrobat 6.0 Standard, for the Mac and Windows."
071-10334272,3,3.3,"> Doyle,"
071-10334272,3,3.4,> The Make Accessible command is now available in Acrobat Pro 6.0 for the Mac as well as for Windows.
071-10334272,3,3.5,> Loretta
071-10334272,3,3.6,>> Quick question.
071-10334272,3,3.7,">> In earlier versions of Acrobat, it was not possible to make PDF files accessible if the files were actually developed on a Macintosh."
071-10334272,3,3.8,">> Is this still the case with the latest version of Acrobat for the Mac (version 6.0, I believe)?"
071-10334272,3,3.9,>> Thanks for any information.
071-10334272,3,3.10,>> Doyle
071-10334272,3,3.11,>> Doyle Burnett
071-10334272,3,3.12,>> Education and Training Specialist
071-10334272,3,3.13,>> Multiple Disabilities Program
071-10334272,3,3.14,>> Special Education Service Agency
071-10334272,3,3.15,>> dburnett@sesa.org
071-10334272,3,3.16,>> Www.sesa.org
071-10334272,3,3.17,>> --
071-10334272,4,4.1,"Hello Loretta/Doyle,"
071-10334272,4,4.2,I am just not sure what the Make Accessible feature really does.
071-10334272,4,4.3,I am a JAWS user and a PDF file is as usable or unusable as it was before I run the Make Accessible feature on it.
071-10334272,4,4.4,I'll be glad if you can enlighten me on this.
071-10334272,4,4.5,Sailesh
071-10334272,4,4.6,"> Doyle,"
071-10334272,4,4.7,> The Make Accessible command is now available in Acrobat Pro 6.0 for the Mac as well as for Windows.
071-10334272,4,4.8,> Loretta
071-10334272,4,4.9,>> Quick question.
071-10334272,4,4.10,">> In earlier versions of Acrobat, it was not possible to make PDF files accessible if the files were actually developed on a Macintosh."
071-10334272,4,4.11,">> Is this still the case with the latest version of Acrobat for the Mac (version 6.0, I believe)?"
071-10334272,4,4.12,>> Thanks for any information.
071-10334272,4,4.13,>> Doyle
071-10334272,4,4.14,>> Doyle Burnett
071-10334272,4,4.15,>> Education and Training Specialist
071-10334272,4,4.16,>> Multiple Disabilities Program
071-10334272,4,4.17,>> Special Education Service Agency
071-10334272,4,4.18,>> dburnett@sesa.org
071-10334272,4,4.19,>> Www.sesa.org
071-10334272,4,4.20,>> --
071-10334272,5,5.1,"Sailesh,"
071-10334272,5,5.2,Make Accessible is a command that attempts to analyze an untagged PDF file and infer logical structure from the marks on the page.
071-10334272,5,5.3,This would be used by an author who is trying to repair accessibility problems in an existing PDF file.
071-10334272,5,5.4,The best analogy is that it is doing OCR on the logical strucure.
071-10334272,5,5.5,"Like OCR technology, it is imperfect, and the results should be reviewed and corrected, if necessary, by the author."
071-10334272,5,5.6,"In Acrobat 5, this command was only available on Windows."
071-10334272,5,5.7,"In Acrobat 6, it is available for both Mac and Windows."
071-10334272,5,5.8,"When the Adobe Reader 6.0 is presenting an untagged PDF file to assistive technology, it automatically runs MakeAccessible internally to infer logical structure."
071-10334272,5,5.9,"This can make loading an untagged PDF considerably slower than loading a tagged PDF, but makes it possible, for example, to read tables even in an untagged PDF."
071-10334272,5,5.10,Loretta
074-0998972,1,1.1,I need to help assemble and populate a small computer lab to examine web usability issues.
074-0998972,1,1.2,This is a very large ballpark and I need to narrow the options we're going to explore.
074-0998972,1,1.3,I'm seeking your opinion about what tools we should test with.
074-0998972,1,1.4,We have to start someplace and picking a specific set of tools seems to be a reasonable place.
074-0998972,1,1.5,I gather that there's no such thing as a perfect list but I need to put one together anyway.
074-0998972,1,1.6,I'd like to hear about your opinions and preferences about tools if you care to share them.
074-0998972,1,1.7,I suspect a public forum is not the best place to share these sentiments.
074-0998972,1,1.8,Please respond privately so I don't get shot for starting another browser war.
074-0998972,1,1.9,"Regards,"
074-0998972,1,1.10,Joe Night
074-0998972,2,2.1,"I'd use Netscape 3.x and 4.x, a version of MS Internet Explorer (as you can't have two versions on the same machine to my knowledge), a text browser such as lynx., PwWebSpeak for the voice browser and maybe Opera if you have extra time and money."
074-0998972,2,2.2,Also to be considered is the use of a general screen reader such as Jaws For Windows.
074-0998972,2,2.3,Use of tools such as bobby and HTML validators is also essential.
074-0998972,2,2.4,It might be sensible to have disabled users actually do the testing.
074-0998972,2,2.5,See also:
074-0998972,2,2.6,http://www.eeicom.com/dcwebmasters/pwd/
074-0998972,2,2.7,http://www.geocities.com/SiliconValley/Grid/5447/access.html (not yet
074-0998972,2,2.8,refined)
074-0998972,2,2.9,-Jamie Fox
074-0998972,2,2.10,> I need to help assemble and populate a small computer lab to examine web usability issues.
074-0998972,2,2.11,> This is a very large ballpark and I need to narrow the options we're going to explore.
074-0998972,2,2.12,> I'm seeking your opinion about what tools we should test with.
074-0998972,2,2.13,> We have to start someplace and picking a specific set of tools seems to be a reasonable place.
074-0998972,2,2.14,> I gather that there's no such thing as a perfect list but I need to put one together anyway.
074-0998972,2,2.15,> I'd like to hear about your opinions and preferences about tools if you care to share them.
074-0998972,2,2.16,> I suspect a public forum is not the best place to share these sentiments.
074-0998972,2,2.17,> Please respond privately so I don't get shot for starting another browser war.
074-0998972,2,2.18,"> Regards,"
074-0998972,2,2.19,> Joe Night
074-0998972,3,3.1,"I'm replying publicly because this is an important issue which is facing a lot of people, not just you."
074-0998972,3,3.2,(You are just the 1% prepared to put their hand up and ask...)
074-0998972,3,3.3,"I would skip IE/Netscape, since designers worth 2c can tell you already how things work there by reading the code."
074-0998972,3,3.4,"The first thing I would do is validate the HTML and check with Bobby, but read the results and think about it rather than simply believing what you're told."
074-0998972,3,3.5,"For browsers I would look at Lynx, a screen reader (eg winvision, or jaws) and a proper audio browser like pwWebSpeak."
074-0998972,3,3.6,"If you can, use WebTV and a Macintosh version of things"
074-0998972,3,3.7,- this will generally show up the problems much faster.
074-0998972,3,3.8,The key is to learn where the problems arise so you can cut back the test/repair cycle.
074-0998972,3,3.9,It is a great efficiency if you can solve the problems by design rather than by repair.
074-0998972,3,3.10,Charles McCathieNevile
074-0998972,3,3.11,> I need to help assemble and populate a small computer lab to examine web usability issues.
074-0998972,3,3.12,This is a very large ballpark and I need to narrow the options we're going to explore.
074-0998972,4,4.1,"Ok, who has some good reference URLs for WebTV?"
074-0998972,5,5.1,"FYI, ""EEI Communications"" was off-line this morning and is now operational."
074-0998972,5,5.2,">> As a reference, please see www.eeicom.com/dcwebmasters/pwd and click on the link for PWD presentation."
074-0998972,5,5.3,">> I would show you exactly where to go, but having connectivity problems with the work server."
074-0998972,5,5.4,> They must be having a problem.
074-0998972,5,5.5,> I can't connect this morning but I'll try later.
074-0998972,5,5.6,> Thanks for the suggestion.
074-0998972,5,5.7,> Joe
074-0998972,6,6.1,"> For browsers I would look at Lynx, a screen reader (eg winvision, or jaws) and a proper audio browser like pwWebSpeak."
074-0998972,6,6.2,"> If you can, use WebTV [...]"
074-0998972,6,6.3,"By the way, if you weren't aware, there's an emulator for WebTV that runs on Windows 95/* and Macintosh that you can download from developer.webtv.net."
074-0998972,6,6.4,"I recommend it to my accessibility class students, since the more browsers you expose someone to, the quicker they realize that the web is designed to support ANY valid user agent, not just ""the big two""."
074-0998972,6,6.5,--Kynn
074-14150913,1,1.1,I recently discovered that ABC Radio National here in Australia (http://www.abc.net.au/rn/) offers transcripts of certain of its programmes via the web.
074-14150913,1,1.2,"I haven't checked the accessibility of the site, and, as I understand it, the transcripts appear several days after the programmes themselves have been broadcast."
074-14150913,1,1.3,Are other radio stations with a presence on the web adopting similar policies?
074-14150913,2,2.1,more interestingly check out http://www.cnn.com/TRANSCRIPTS
074-14150913,2,2.2,"As far as I can tell, it's not linked into their main page yet."
074-14150913,2,2.3,Note that the page is extremely table rich (a euphasism of sorts)
074-14150913,2,2.4,--but emacspeak/w3 should give you good access.
074-14150913,2,2.5,--
074-14150913,2,2.6,"Best Regards,"
074-14150913,2,2.7,--raman
074-14150913,2,2.8,Adobe Systems Tel: 1 408 536 3945 (W14-128)
074-14150913,2,2.9,Advanced Technology Group Fax: 1 408 537 4042
074-14150913,2,2.10,W14-128 345 Park Avenue Email: raman@adobe.com
074-14150913,2,2.11,"San Jose , CA 95110 -2704 Email: raman@cs.cornell.edu"
074-14150913,2,2.12,http://labrador.corp.adobe.com/~raman/ (Adobe Intranet)
074-14150913,2,2.13,http://cs.cornell.edu/home/raman/ (Cornell)
074-14150913,2,2.14,----------------------------------------------------------------------
074-14150913,2,2.15,Disclaimer: The opinions expressed are my own and in no way should be taken
074-14150913,2,2.16,"as representative of my employer, Adobe Systems Inc."
074-14150913,2,2.17,____________________________________________________________
074-14150913,3,3.1,&gt; I recently discovered that ABC Radio National here in Australia (http://www.abc.net.au/rn/) offers transcripts of certain of its programmes via the web.
074-14150913,3,3.2,"&gt; I haven't checked the accessibility of the site, and, as I understand it, the transcripts appear several days after the programmes themselves have been broadcast."
074-14150913,3,3.3,&gt; Are other radio stations with a presence on the web adopting similar policies?
074-14150913,3,3.4,Public Radio International &amp;lt;http://www.pri.org/&amp;gt; offers RealAudio transcripts of at least some of their shows.
074-14150913,3,3.5,Peter Fleck
074-14150913,3,3.6,PF Hyper
074-14150913,3,3.7,Internet-Web-Consulting-Training
074-14150913,3,3.8,"Minneapolis, MN USA 55406"
074-14150913,3,3.9,612-630-9136
074-14150913,3,3.10,=== pf@pfhyper.com | http://www.pfhyper.com ===
074-14150913,4,4.1,"The central point here is that providing transcripts of audio content is a requirement under the guidelines, so that if an audio stream is provided, transcripts must also be made available."
074-14150913,5,5.1,"All,"
074-14150913,5,5.2,where is the best place to find our specifics about the issues involved with web pages and color blindness?
074-14150913,5,5.3,Does anyone know?
074-14150913,5,5.4,"Sincerely,"
074-14150913,5,5.5,Mike Burks
074-14150913,5,5.6,Chairman Internet Society SIG for Access to the Internet for people with Disabilities
074-14150913,5,5.7,www.isoc.org/access/
074-14150913,5,5.8,Member Advisory Board International Center for Disability Resources on the Internet
074-14150913,5,5.9,www.icdri.org
074-14150913,6,6.1,&gt; where is the best place to find our specifics about the issues involved with web pages and color blindness?
074-14150913,6,6.2,"We have three links listed on the AWARE Center site, on the &quot;tips&quot; page:"
074-14150913,6,6.3,http://aware.hwg.org/tips/
074-14150913,6,6.4,But I would love to have more.
074-14150913,6,6.5,Diane Wilson's site (linked from the page above) is a nice start:
074-14150913,6,6.6,http://www.lava.net/~dewilson/web/color.html
074-14150913,6,6.7,--
074-14150913,6,6.8,Kynn Bartlett mailto:kynn@hwg.org
074-14150913,6,6.9,"President, HTML Writers Guild http://www.hwg.org/"
074-14150913,6,6.10,AWARE Center Director http://aware.hwg.org/
074-14150913,7,7.1,"All,"
074-14150913,7,7.2,I want to thank everyone for their quick response to my question....
074-14150913,7,7.3,It is greatly appreciated and is going to help out quite a bit.
074-14150913,7,7.4,Thank you again for you help.
074-14150913,7,7.5,"Sincerely,"
074-14150913,7,7.6,Mike Burks
074-14150913,7,7.7,Chairman Internet Society SIG for Access to the Internet for people with Disabilities
074-14150913,7,7.8,www.isoc.org/access/
074-14150913,7,7.9,Member Advisory Board International Center for Disability Resources on the Internet
074-14150913,7,7.10,www.icdri.org
074-14150913,8,8.1,text/html attachment: stored
074-2313297,1,1.1,I've heard that if you create a page with alt tags and bring it into word to edit it and then export it back to html that the alts are stripped?
074-2313297,1,1.2,can anyone confirm or deny this?
074-2313297,1,1.3,Thanks!
074-2313297,1,1.4,--
074-2313297,1,1.5,Hands-On Technolog(eye)s
074-2313297,1,1.6,Touching The Internet
074-2313297,1,1.7,ftp://ftp.clark.net/pub/poehlman
074-2313297,1,1.8,http://poehlman.clark.net
074-2313297,1,1.9,email: poehlman@clark.net
074-2313297,1,1.10,voice 301-949-7599
074-2313297,1,1.11,Dynamic Solutions Inc.
074-2313297,1,1.12,Best of Service for your small business network needs
074-2313297,1,1.13,http://www.dnsolutions.com
074-2313297,2,2.1,&gt; I've heard that if you create a page with alt tags and bring it into word to edit it and then export it back to html that the alts are stripped?
074-2313297,2,2.2,&gt; can anyone confirm or deny this?
074-2313297,2,2.3,&gt; Thanks!
074-2313297,2,2.4,I'm guessing you mean the ALT= attribute on the &lt;IMG&gt; tag?
074-2313297,2,2.5,(There's no &lt;/IMG&gt;&lt;ALT&gt; tag.)
074-2313297,2,2.6,"That's about what I'd expect to happen, with Word or any other wordprocessor."
074-2313297,2,2.7,I could test this on my system if you can confirm the scenario:
074-2313297,2,2.8,"- Start with an HTML document, created by any means."
074-2313297,2,2.9,- The doc contains an &lt;/ALT&gt;&lt;IMG&gt; with the ALT= attribute.
074-2313297,2,2.10,- The HTML doc is opened in Word and some text on the page is changed or added.
074-2313297,2,2.11,"- The page is &quot;Saved as HTML&quot; from Word, without first saving it in Word format."
074-2313297,2,2.12,PS: *Why* would you use Word to edit an HTML document?!
074-2313297,2,2.13,&lt;/IMG&gt;
074-2313297,3,3.1,"Many people required to edit and create web pages and/or sites are not web professionals and the only ""WYSIWYG"" tool available to them is Word."
074-2313297,3,3.2,I daresay that most people don't know HTML and are not going to learn it so that they can make an accessible page through a text editor.
074-2313297,3,3.3,This is especially true if the only editing required of them is small such as changing the grammar on a web page or correcting spelling of a word.
074-2313297,3,3.4,This is exactly why the authoring tools aspect of the WAI is so important.
074-2313297,3,3.5,-Jamie Fox
074-2313297,3,3.6,-----
074-2313297,3,3.7,> [snip]
074-2313297,3,3.8,> PS: *Why* would you use Word to edit an HTML document?!
074-2313297,4,4.1,> PS: *Why* would you use Word to edit an HTML document?!
074-2313297,4,4.2,"MS-Word has elegant text-editing commands that are absent from a basic text editor, and that make editing documents a pleasure."
074-2313297,4,4.3,"For example, you can quickly move entire lines or paragraphs without using the clipboard;"
074-2313297,4,4.4,"select words, sentences, and paragraphs by pressing a single key;"
074-2313297,4,4.5,and undo and redo 100 levels.
074-2313297,4,4.6,All of the above can be done using keyboard and point-and-click techniques.
074-2313297,4,4.7,So there is a lot of versatility.
074-2313297,4,4.8,"Unfortunately, many of the really powerful Word commands are extremely poorly documented."
074-2313297,4,4.9,"Furthermore, savvy Word users can create special-purpose editing commands in Visual Basic to enhance the usefulness of the word processor as a text editor."
074-2313297,4,4.10,Why use Word?
074-2313297,4,4.11,Because it is a good tool for the job.
074-2313297,4,4.12,Alan
074-2313297,5,5.1,I think that is exactly what needs to be tested.
074-2313297,5,5.2,Cheers
074-2313297,5,5.3,&gt;&gt; I've heard that if you create a page with alt tags and bring it into word to edit it and then export it back to html that the alts are stripped?
074-2313297,5,5.4,&gt;&gt; can anyone confirm or deny this?
074-2313297,5,5.5,&gt;&gt; Thanks!
074-2313297,5,5.6,&gt; I'm guessing you mean the ALT= attribute on the &lt;IMG&gt; tag?
074-2313297,5,5.7,&gt; (There's no &lt;/IMG&gt;&lt;ALT&gt; tag.)
074-2313297,5,5.8,"&gt; That's about what I'd expect to happen, with Word or any other wordprocessor."
074-2313297,5,5.9,&gt; I could test this on my system if you can confirm the scenario:
074-2313297,5,5.10,"&gt; - Start with an HTML document, created by any means."
074-2313297,5,5.11,&gt; - The doc contains an &lt;/ALT&gt;&lt;IMG&gt; with the ALT= attribute.
074-2313297,5,5.12,&gt; - The HTML doc is opened in Word and some text on the page is changed or added.
074-2313297,5,5.13,"&gt; - The page is &quot;Saved as HTML&quot; from Word, without first saving it in Word format."
074-2313297,5,5.14,&gt; PS: *Why* would you use Word to edit an HTML document?!
074-2313297,5,5.15,&lt;/IMG&gt;
074-2313297,6,6.1,> Why use Word?
074-2313297,6,6.2,> Because it is a good tool for the job.
074-2313297,6,6.3,"BTW, Hot Metal Pro, a web editor tool that does pretty good on accessibility and valid HTML, has the ability to import Word files."
074-2313297,6,6.4,"My wife uses that regularly to convert City of Fullerton documents from Word to HTML, rather than cutting-and-pasting and marking up herself or trusting 'Save as HTML...'"
074-2313297,6,6.5,--
074-2313297,6,6.6,Kynn Bartlett &lt;kynn@idyllmtn.com&gt; http://www.idyllmtn.com/~kynn/
074-2313297,6,6.7,"Chief Technologist &amp; Co-Owner, Idyll Mountain Internet; Fullerton, California"
074-2313297,6,6.8,Enroll now for web accessibility with HTML 4.0! http://www.hwg.org/classes/
074-2313297,6,6.9,The voice of the future? http://www.hwg.org/opcenter/w3c/voicebrowsers.html
074-2313297,7,7.1,&gt;&gt; I've heard that if you create a page with alt tags and bring it into word to edit it and then export it back to html that the alts are stripped?
074-2313297,7,7.2,&gt;&gt; can anyone confirm or deny this?
074-2313297,7,7.3,&gt;&gt; Thanks!
074-2313297,7,7.4,&gt; I'm guessing you mean the ALT= attribute on the &lt;IMG&gt; tag?
074-2313297,7,7.5,&gt; (There's no &lt;/IMG&gt;&lt;ALT&gt; tag.)
074-2313297,7,7.6,"&gt; That's about what I'd expect to happen, with Word or any other wordprocessor."
074-2313297,7,7.7,&gt; I could test this on my system if you can confirm the scenario:
074-2313297,7,7.8,"&gt; - Start with an HTML document, created by any means."
074-2313297,7,7.9,&gt; - The doc contains an &lt;/ALT&gt;&lt;IMG&gt; with the ALT= attribute.
074-2313297,7,7.10,&gt; - The HTML doc is opened in Word and some text on the page is changed or added.
074-2313297,7,7.11,"&gt; - The page is &quot;Saved as HTML&quot; from Word, without first saving it in Word format."
074-2313297,7,7.12,I could *not* re-create the problem described when I tested this on my own system using MS Word 97 for Windows.
074-2313297,7,7.13,"I followed the scenario with a simple test page (created in Netscape Page Composer) with a Heading, one line of text, and an image with ALT= text."
074-2313297,7,7.14,"I opened the HTML file in Word97, added one word to the text of the Heading, then saved the file back to HTML with a new name."
074-2313297,7,7.15,The ALT= text was not affected.
074-2313297,7,7.16,"MS Word 97, at least, seems to recognize HTML and preserve it."
074-2313297,7,7.17,"Obviously, other versions of Word may behave differently."
074-2313297,7,7.18,"I suspect that *any* word processor would strip the ALT= text if you first save the document in its *native* format, then try to save it back to HTML."
074-2313297,7,7.19,Chris Kreussling
074-2313297,7,7.20,&amp;lt;disclaimer&amp;gt; The views expressed are those of the author and do not necessarily reflect the position of the Federal Reserve Bank of New York or the Federal Reserve System. &amp;lt;/disclaimer&amp;gt;
074-2313297,7,7.21,&lt;/IMG&gt;
074-2313297,8,8.1,> I could test this on my system if you can confirm the scenario:
074-2313297,8,8.2,"> - Start with an HTML document, created by any means."
074-2313297,8,8.3,> - The doc contains an &lt;IMG&gt; with the ALT= attribute.
074-2313297,8,8.4,> - The HTML doc is opened in Word and some text on the page is changed or added.
074-2313297,8,8.5,"> - The page is ""Saved as HTML"" from Word, without first saving it in Word format."
074-2313297,8,8.6,I tried that with Word 97 and there was no lost of ALT.
074-2313297,8,8.7,"I even tried saving the file as .doc format, copying it under a different name.doc, reopening it in Word and saving it in HTML, and the ALT were still present (which proves that the ALT are somehow stored in the doc format)"
074-2313297,8,8.8,"On the other hand, there was a lost of longdesc, link, and others new HTML4 table attributes;"
074-2313297,8,8.9,"in fact, in looks like unknown attributes are pruned out, which shouldn't happen (unknown elements are kept, albeit mess up with, see below)"
074-2313297,8,8.10,"The DOCTYPE and the STYLE I had in this test file were moved from the top and the head to the body, which is really bad."
074-2313297,8,8.11,"Anyway, join the WAI Authoring Tools working group if you're interested in that kind of issue."
074-2313297,8,8.12,> PS: *Why* would you use Word to edit an HTML document?!
074-2313297,8,8.13,Because you use Windows ? (I use Unix)
074-6324762,1,1.1,First define disability.
074-6324762,1,1.2,"Someone can be disAbled by a congenital defect, chronic illnesses or injury."
074-6324762,1,1.3,"It could be any combination of, or even multiple, congenital defects, illnesses and/or injuries."
074-6324762,1,1.4,There are also debilitating side effects of medications.
074-6324762,1,1.5,A &quot;non-reader&quot; is not necessarily blind
074-6324762,1,1.6,- they may have had a TBI (traumatic brain injury) or have a Learning Disability.
074-6324762,1,1.7,Disabilities can effect fine and gross motor skills.
074-6324762,1,1.8,(Arthritis is a common fine motor complaint)
074-6324762,1,1.9,"A Quadriplegic may use different assistive technologies, such as voice pilots, mouth tools or devices that follow eye movement."
074-6324762,1,1.10,Some people type with their toes!
074-6324762,1,1.11,"IMO, before you can define Accessibility you must first define disability."
074-6324762,1,1.12,"KPR,"
074-6324762,1,1.13,LK
074-6324762,2,2.1,&gt; First define disability.
074-6324762,2,2.2,Why?
074-6324762,2,2.3,"I view that anyone should be able to access information, regardless of whether or not they have a &quot;disability.&quot;"
074-6324762,2,2.4,Your access shouldn't be _limited_ because you have a certain quality about you that other people don't have.
074-6324762,2,2.5,"Regardless if we call that a &quot;disability&quot; or not, it should not interfere with your ability to access content on the Internet."
074-6324762,2,2.6,I think it's perfectly reasonable to define &quot;accessibility&quot; with having a strict definition of &quot;disability&quot; as long as your accessibility definition doesn't speak _only_ about access for people who fit that disability definition.
074-6324762,2,2.7,--
074-6324762,2,2.8,Kynn Bartlett mailto:kynn@hwg.org
074-6324762,2,2.9,"President, HTML Writers Guild http://www.hwg.org/"
074-6324762,2,2.10,AWARE Center Director http://aware.hwg.org/
074-6324762,3,3.1,&gt; First define disability.
074-6324762,3,3.2,"&gt; IMO, before you can define Accessibility you must first define disability."
074-6324762,3,3.3,OK.
074-6324762,3,3.4,Here's my short definition:
074-6324762,3,3.5,&quot;Disability is a design flaw in the environment.&quot;
074-6324762,3,3.6,"Here's the long version, from a chapter in an upcoming book on web-based training:"
074-6324762,3,3.7,&quot;People are not &quot;disabled.&quot;
074-6324762,3,3.8,A disability is a consequence of design flaws in the environment.
074-6324762,3,3.9,"Some individuals, due to accident, illness, or heredity, have difficulties performing -- or cannot perform -- certain tasks, such as moving their legs, seeing, hearing, talking, grasping or lifting."
074-6324762,3,3.10,"When these functional limitations are severe enough to adversely affect a person's performance, and the natural and human environments fail to accommodate their functional limitations, the individual is said to have a disability.&quot;"
074-6324762,3,3.11,You take your pick.
074-6324762,3,3.12,"If I were rewriting it, I would say something like this:"
074-6324762,3,3.13,"... ALL individuals, due to circumstance, accident, illness, or heredity, have difficulties performing -- or cannot perform -- certain tasks..."
074-6324762,3,3.14,Alan
074-6324762,3,3.15,Alan Cantor
074-6324762,3,3.16,Cantor + Associates
074-6324762,3,3.17,Workplace Accommodation Consultants
074-6324762,3,3.18,New e-mail address: acantor@interlog.com
074-6324762,3,3.19,http://www.interlog.com/~acantor
074-6324762,4,4.1,&gt; OK.
074-6324762,4,4.2,&gt; Here's my short definition:
074-6324762,4,4.3,&gt; &quot;Disability is a design flaw in the environment.&quot;
074-6324762,4,4.4,"I like to tell people that if a blind person can't access the web page she's trying to use, the REASON is not _her_ disability, but the disability of the _web author_ who created the page."
074-6324762,4,4.5,That web author is &quot;disabled&quot; because he was _not able_ to make a correct web page.
074-6324762,4,4.6,Why should she suffer for _his_ problem or failing?
074-6324762,4,4.7,In no way is a user with a disability &quot;disabled&quot; on the web
074-6324762,4,4.8,-- the sites THEMSELVES have the disability inherent in their code by not being accessible!
074-6324762,4,4.9,We should identify the problem where it exists.
074-6324762,4,4.10,"The problem is not that there's anything &quot;wrong with&quot; the user, it is a problem with the page author and his output!"
074-6324762,4,4.11,--
074-6324762,4,4.12,Kynn Bartlett mailto:kynn@hwg.org
074-6324762,4,4.13,"President, HTML Writers Guild http://www.hwg.org/"
074-6324762,4,4.14,AWARE Center Director http://aware.hwg.org/
074-6324762,5,5.1,I should like to add that we do have to accept that the victorians probably had an insuperable task in trying to design and build a wheelchair for a quadraplegic that the individual could control themselves.
074-6324762,5,5.2,Today this is possible if not universal.
074-6324762,5,5.3,jay@peepo.com
074-6324762,5,5.4,Our site www.peepo.com is a drive thru.
074-6324762,5,5.5,"When you see a link of interest, click on it."
074-6324762,5,5.6,Move the mouse to slow down.
074-6324762,5,5.7,It is a graphical aid to browsing the www.
074-6324762,5,5.8,We value your comments.
075-15948761,1,1.1,online at:
075-15948761,1,1.2,http://www.freedomforum.org/news/2000/02/2000-02-24-11.asp
075-15948761,1,1.3,"The Freedom Forum is a nonpartisan, international foundation dedicated to free press, free speech and free spirit for all people."
075-15948761,1,1.4,"The foundation pursues its priorities through conferences, educational activities, publishing, broadcasting, online services, fellowships, partnerships, training, research and other programs."
075-15948761,1,1.5,application/octet-stream attachment: U.S._won_t_release_new_Web_site_regs_for_review.url
075-15948761,2,2.1,&gt; online at:
075-15948761,2,2.2,&gt; http://www.freedomforum.org/news/2000/02/2000-02-24-11.asp
075-15948761,2,2.3,"Kynn's personal opinion, not one belonging to the WAI or the HTML Writers Guild --"
075-15948761,2,2.4,Adam Clayton Powell III?
075-15948761,2,2.5,Fearmonger and irresponsible journalist.
075-15948761,2,2.6,"He thinks he's found &quot;an issue&quot; and has latched onto it in order to &quot;save us from government,&quot; but really he's just a kook."
075-15948761,2,2.7,--
075-15948761,2,2.8,Kynn Bartlett &amp;lt;kynn@idyllmtn.com&amp;gt; http://www.kynn.com/
075-15948761,2,2.9,"Chief Technologist, Idyll Mountain Internet http://www.idyllmtn.com/"
075-15948761,2,2.10,Become AWARE of Web Accessibility! http://aware.hwg.org/
075-15948761,2,2.11,The Spring 2000 Virtual Dog Show is now open! http://www.dogshow.com/
075-15948761,3,3.1,"The Freedom Forum's fear mongering aside, does anyone know what's up with the release of all the 508 accessibility regulations?"
075-15948761,3,3.2,Why did the feds take such a closed-door approach when it was commonly expected that the info would be available on Feb. 7?
075-15948761,4,4.1,"&gt; The Freedom Forum's fear mongering aside, does anyone know what's up with the release of all the 508 accessibility regulations?"
075-15948761,4,4.2,&gt; Why did the feds take such a closed-door approach when it was commonly expected that the info would be available on Feb. 7?
075-15948761,4,4.3,Ya got me.
075-15948761,4,4.4,"I don't see it as a closed-door approach, though, the way I read their announcement."
075-15948761,4,4.5,http://www.access-board.gov/508Update.htm
075-15948761,4,4.6,"Maybe I'm just too trusting of gummit workers, but this seems more like typical bureaucracy slowness than any sort of concerted conspiracy to derive us of our rights. :)"
075-15948761,4,4.7,"I suppose that Mr. Yanchulis would be the one to ask, though:"
075-15948761,4,4.8,For further information contact:
075-15948761,4,4.9,"Dave Yanchulis, The Access Board"
075-15948761,4,4.10,"(202) 272-5434, ext. 127 (voice),"
075-15948761,4,4.11,(202) 272-5449 (TTY)
075-15948761,4,4.12,E-mail: yanchulis@access-board.gov
075-15948761,4,4.13,--
075-15948761,4,4.14,Kynn Bartlett mailto:kynn@hwg.org
075-15948761,4,4.15,"President, HTML Writers Guild http://www.hwg.org/"
075-15948761,4,4.16,AWARE Center Director http://aware.hwg.org/
075-15948761,5,5.1,I think you are correct about the bureaucracy part.
075-15948761,5,5.2,"However, being thorough can take time, if it's anything like our listserve. :)"
075-15948761,5,5.3,"The linked announcement mentions that &quot;..the standards will be published in the Federal Register and be made available for public comment&quot;, so it sounds like it will eventually be opened up."
075-15948761,5,5.4,&gt; http://www.access-board.gov/508Update.htm
075-15948761,5,5.5,"&gt; Maybe I'm just too trusting of gummit workers, but this seems more like typical bureaucracy slowness than any sort of concerted conspiracy to derive us of our rights. :)"
075-15948761,5,5.6,--
075-15948761,5,5.7,"Regards,"
075-15948761,5,5.8,MELINDA MORRIS-BLACK
075-15948761,5,5.9,Information Architect
075-15948761,5,5.10,Information Networks of Kansas
075-15948761,5,5.11,FON: (785) 296-5143
075-15948761,5,5.12,PCS: (785) 550-7345
075-15948761,5,5.13,FAX: (785) 296-5563
075-15948761,5,5.14,melinda@ink.org
075-15948761,6,6.1,&gt; I think you are correct about the bureaucracy part.
075-15948761,6,6.2,"&gt; However, being thorough can take time, if it's anything like our listserve. :)"
075-15948761,6,6.3,"&gt; The linked announcement mentions that &quot;..the standards will be published in the Federal Register and be made available for public comment&quot;, so it sounds like it will eventually be opened up."
075-15948761,6,6.4,"Yes, a little Civics 101 is in order."
075-15948761,6,6.5,The Federal Register _is_ the institution created expressly to make _sure_ citizens have the chance to comment on things before they are imposed.
075-15948761,6,6.6,"For more information, please consult Federal Register"
075-15948761,6,6.7,http://www.nara.gov/fedreg/index.html
075-15948761,6,6.8,Al
075-15948761,6,6.9,&gt;&gt; http://www.access-board.gov/508Update.htm
075-15948761,6,6.10,"&gt;&gt; Maybe I'm just too trusting of gummit workers, but this seems more like typical bureaucracy slowness than any sort of concerted conspiracy to derive us of our rights. :)"
075-15948761,6,6.11,&gt; --
075-15948761,6,6.12,"&gt; Regards,"
075-15948761,6,6.13,&gt; MELINDA MORRIS-BLACK
075-15948761,6,6.14,&gt; Information Architect
075-15948761,6,6.15,&gt; Information Networks of Kansas
075-15948761,6,6.16,&gt; FON: (785) 296-5143
075-15948761,6,6.17,&gt; PCS: (785) 550-7345
075-15948761,6,6.18,&gt; FAX: (785) 296-5563
075-15948761,6,6.19,&gt; melinda@ink.org
075-15948761,7,7.1,Adam Clayton Powell III sounds about as lost as Thurston Powell III was on &quot;Gilligans Island&quot;!
075-15948761,7,7.2,Chris Higgs &lt;c.higgs@landfood.unimelb.edu.au&gt;
075-15948761,7,7.3,Institute of Land and Food Resources
075-15948761,7,7.4,University of Melbourne http://www.landfood.unimelb.edu.au
075-15948761,8,8.1,"kelly,"
075-15948761,8,8.2,"That is a good question and should be asked of our next guest, Doug Wakefield on our march 16 web cast at abletv.net."
075-15948761,8,8.3,"I would add that any other questions you might want to ask doug, should be done on that evening."
075-15948761,8,8.4,please check out the exact time for when the webcast will happen under the press release link at abletv.net.
075-15948761,8,8.5,Jeffrey pledger
075-15948761,8,8.6,"President, AbleTV.net"
075-15948761,8,8.7,"&gt; The Freedom Forum's fear mongering aside, does anyone know what's up with the release of all the 508 accessibility regulations?"
075-15948761,8,8.8,&gt; Why did the feds take such a closed-door approach when it was commonly expected that the info would be available on Feb. 7?
075-15948761,9,9.1,"Actually, the government is not robbing us of our rights, but protecting us."
075-15948761,9,9.2,"i know this sounds paradoxical, but it is true."
075-15948761,9,9.3,"For any NOI (notice of inquiry), NPRM (notice of proposed rule making), etc. the government must follow the procedures established in the apa (i believe it is known as the Americans procedural Act) of 1947, which outlines the procedures of putting the NOI and NPRM out for comment for a specific time period."
075-15948761,9,9.4,"The problem is that when they do this and get a large response to a particular NPRM, they (the government) is obligated to read each and every one of the 
 responses, corrolate them and summarize them into specific response categories, if possible."
075-15948761,9,9.5,They do this with a limited staff.
075-15948761,9,9.6,"This is not to say that i don't get frustrated either, but just an expalnation of the process."
075-15948761,9,9.7,Jeffrey Pledger
075-15948761,9,9.8,"President, AbleTV.net"
075-15948761,9,9.9,&gt; I think you are correct about the bureaucracy part.
075-15948761,9,9.10,"&gt; However, being thorough can take time, if it's anything like our listserve. :)"
075-15948761,9,9.11,"&gt; The linked announcement mentions that &quot;..the standards will be published in the Federal Register and be made available for public comment&quot;, so it sounds like it will eventually be opened up."
075-15948761,9,9.12,&gt;&gt; http://www.access-board.gov/508Update.htm
075-15948761,9,9.13,"&gt;&gt; Maybe I'm just too trusting of gummit workers, but this seems more like typical bureaucracy slowness than any sort of concerted conspiracy to derive us of our rights. :)"
075-15948761,9,9.14,&gt;&gt; --
075-15948761,9,9.15,"&gt; Regards,"
075-15948761,9,9.16,&gt; MELINDA MORRIS-BLACK
075-15948761,9,9.17,&gt; Information Architect
075-15948761,9,9.18,&gt; Information Networks of Kansas
075-15948761,9,9.19,&gt; FON: (785) 296-5143
075-15948761,9,9.20,&gt; PCS: (785) 550-7345
075-15948761,9,9.21,&gt; FAX: (785) 296-5563
075-15948761,9,9.22,&gt; melinda@ink.org
075-16233750,1,1.1,"Hi,"
075-16233750,1,1.2,"So far, about 24 screen reader users have sent in votes."
075-16233750,1,1.3,One person didn't like the screen reader version because of the long links.
075-16233750,1,1.4,What he didn't realize was that the links were the same for both versions.
075-16233750,1,1.5,He just hadn't run into them in the standard version before trying the version for screen reader users.
075-16233750,1,1.6,Two other users forgot to make a choice.
075-16233750,1,1.7,The remaining 21 users preferred the version formatted for screen readers over the standard version.
075-16233750,1,1.8,A couple of people commented that they would want some more text on the screen reader version.
075-16233750,1,1.9,Scott
075-16233750,2,2.1,"All,"
075-16233750,2,2.2,has anyone heard of www.esight.org?
075-16233750,2,2.3,I looked at their site is it accessible?
075-16233750,2,2.4,I don t know much about cold fusion sites so I can t tell.
075-16233750,2,2.5,"Sincerely,"
075-16233750,2,2.6,Mike Burks
075-16233750,3,3.1,"All I get are the &quot;notify&quot; and &quot;beta tester&quot; links, which lead to forms to fill in the needed information."
075-16233750,3,3.2,(These work as they should.)
075-16233750,3,3.3,No word on what the site will actually do.
075-16233750,3,3.4,Sounds like a lot of E-hype to me.
075-16233750,3,3.5,Patrick
075-16233750,3,3.6,"&gt; All,"
075-16233750,3,3.7,&gt; has anyone heard of www.esight.org?
075-16233750,3,3.8,&gt; I looked at their site is it accessible?
075-16233750,3,3.9,&gt; I don t know much about cold fusion sites so I can t tell.
075-16233750,3,3.10,"&gt; Sincerely,"
075-16233750,3,3.11,&gt; Mike Burks
075-16233750,3,3.12,burke@ucla.edu
075-16233750,3,3.13,http://www.dcp.ucla.edu/staff/patrick.htm
075-16233750,3,3.14,University of California
075-16233750,3,3.15,Los Angeles
075-16233750,3,3.16,The Disabilities &amp;amp; Computing Program
075-16233750,3,3.17,at the UCLA Office of Academic Computing
075-16233750,3,3.18,Analyzing Usability
075-16233750,3,3.19,Since 1994
075-16233750,4,4.1,My quesiton is how would a screen reader handle that code....
075-16233750,4,4.2,look at the source.
075-16233750,4,4.3,"SIncerely,"
075-16233750,4,4.4,Mike B
075-16233750,4,4.5,"&gt; All I get are the &quot;notify&quot; and &quot;beta tester&quot; links, which lead to forms to fill in the needed information."
075-16233750,4,4.6,&gt; (These work as they should.)
075-16233750,4,4.7,&gt; No word on what the site will actually do.
075-16233750,4,4.8,&gt; Sounds like a lot of E-hype to me.
075-16233750,4,4.9,&gt; Patrick
075-16233750,4,4.10,"&gt;&gt; All,"
075-16233750,4,4.11,&gt;&gt; has anyone heard of www.esight.org?
075-16233750,4,4.12,&gt;&gt; I looked at their site is it accessible?
075-16233750,4,4.13,&gt;&gt; I don t know much about cold fusion sites so I can t tell.
075-16233750,4,4.14,"&gt;&gt; Sincerely,"
075-16233750,4,4.15,&gt;&gt; Mike Burks
075-16233750,4,4.16,&gt; burke@ucla.edu
075-16233750,4,4.17,&gt; http://www.dcp.ucla.edu/staff/patrick.htm
075-16233750,4,4.18,&gt; University of California
075-16233750,4,4.19,&gt; Los Angeles
075-16233750,4,4.20,&gt; The Disabilities &amp;amp; Computing Program
075-16233750,4,4.21,&gt; at the UCLA Office of Academic Computing
075-16233750,4,4.22,&gt; Analyzing Usability
075-16233750,4,4.23,&gt; Since 1994
075-16233750,5,5.1,I don't get any unusual code (other than the CFM declaration at the top).
075-16233750,5,5.2,"Otherwise it looks pretty normal, &amp;amp; reads just fine with JFW3.5."
075-16233750,5,5.3,"A few small problems such as ALT text &quot;pages\cleardot1.gif&quot; (approx.), but nothing really unusual."
075-16233750,5,5.4,Unless there is some CFM-generated applet thing happening that I'm missing completely.
075-16233750,5,5.5,Patrick
075-16233750,5,5.6,&gt; My quesiton is how would a screen reader handle that code....
075-16233750,5,5.7,&gt; look at the source.
075-16233750,5,5.8,"&gt; SIncerely,"
075-16233750,5,5.9,&gt; Mike B
075-16233750,5,5.10,"&gt;&gt; All I get are the &quot;notify&quot; and &quot;beta tester&quot; links, which lead to forms to fill in the needed information."
075-16233750,5,5.11,&gt;&gt; (These work as they should.)
075-16233750,5,5.12,&gt;&gt; No word on what the site will actually do.
075-16233750,5,5.13,&gt;&gt; Sounds like a lot of E-hype to me.
075-16233750,5,5.14,&gt;&gt; Patrick
075-16233750,5,5.15,"&gt;&gt;&gt; All,"
075-16233750,5,5.16,&gt;&gt;&gt; has anyone heard of www.esight.org?
075-16233750,5,5.17,&gt;&gt;&gt; I looked at their site is it accessible?
075-16233750,5,5.18,&gt;&gt;&gt; I don t know much about cold fusion sites so I can t tell.
075-16233750,5,5.19,"&gt;&gt;&gt; Sincerely,"
075-16233750,5,5.20,&gt;&gt;&gt; Mike Burks
075-16233750,5,5.21,&gt;&gt; burke@ucla.edu
075-16233750,5,5.22,&gt;&gt; http://www.dcp.ucla.edu/staff/patrick.htm
075-16233750,5,5.23,&gt;&gt; University of California
075-16233750,5,5.24,&gt;&gt; Los Angeles
075-16233750,5,5.25,&gt;&gt; The Disabilities &amp;amp; Computing Program
075-16233750,5,5.26,&gt;&gt; at the UCLA Office of Academic Computing
075-16233750,5,5.27,&gt;&gt; Analyzing Usability
075-16233750,5,5.28,&gt;&gt; Since 1994
075-16233750,5,5.29,Patrick J. Burke
075-16233750,5,5.30,burke@ucla.edu
075-16233750,5,5.31,http://www.dcp.ucla.edu/staff/patrick.htm
075-16233750,5,5.32,University of California
075-16233750,5,5.33,Los Angeles
075-16233750,5,5.34,The Disabilities &amp;amp; Computing Program
075-16233750,5,5.35,at the UCLA Office of Academic Computing
075-16233750,5,5.36,Analyzing Usability
075-16233750,5,5.37,Since 1994
076-4622322,1,1.1,"please excuse cross-posting, I have copied this too the list as there has been some discussion over the past 24 months as to the use or lack thereof of animation"
076-4622322,1,1.2,jonathan chetwynd
076-4622322,1,1.3,jc@signbrowser.org.uk
076-4622322,1,1.4,special needs teacher
076-4622322,1,1.5,web accessibility consultant
076-4622322,1,1.6,"> Jonathan,"
076-4622322,1,1.7,> Thank you for the url.
076-4622322,1,1.8,> I scanned through this fascinating site this morning and will forward this information to the ADA compliance officer who works with this project.
076-4622322,1,1.9,"> Thanks, too, for asking about the effect of the animated gifs on people with epilepsy."
076-4622322,1,1.10,> This is the first time that I have ever seen such a question.
076-4622322,1,1.11,> I have a epilepsy from being electrocuted.
076-4622322,1,1.12,> I did not have difficulty with these animations.
076-4622322,1,1.13,"> What triggers my seizures is color mixtures, especially any combination of red/blue/yellow, and the movements need to be fast like with a turning signal on a car ahead of me in a turning lane, an emergency vehicle, flashing advertising boards, and the like."
076-4622322,1,1.14,"> Your gifs are slow, are black and white mostly, and are simple movements, not swaying or twirling."
076-4622322,1,1.15,"> Again, good work!"
076-4622322,1,1.16,> I was doing my dissertation in the area of online instructional design and cognition.
076-4622322,1,1.17,> After my accident I had to change that.
076-4622322,1,1.18,> I'm pleased to see that someone is actually doing something to make reading and communication more possible in this text-heavy learning environment.
076-4622322,1,1.19,"> Sincerely,"
076-4622322,1,1.20,> Cynthia Blodgett-McDeavitt
076-4622322,1,1.21,> Instruction Design Specialist
076-4622322,1,1.22,> CLASS - University of Nebraska-Lincoln
076-4622322,1,1.23,> 402-472-3148
076-4622322,1,1.24,> 402-472-1941 (f)
076-4622322,1,1.25,> http://class.unl.edu
076-4622322,2,2.1,"> CBMcD: ""...someone is actually doing something to make reading and communication more possible in this text-heavy learning environment."""
076-4622322,2,2.2,"WL: I wish I could understand the notion of making reading more possible within an environment that wasn't ""text-heavy""."
076-4622322,2,2.3,"Perhaps it would be ""nice"" for people for whom text is a problem but just how is it ""possible""."
076-4622322,2,2.4,"In at least the commonest definition of the word ""read"", the matter that one reads is ""text""."
076-4622322,2,2.5,"I understand the part about ""communication"" not requiring a ""text-heavy"" environment, but not ""reading""."
076-4622322,2,2.6,--
076-4622322,2,2.7,Love.
076-4622322,2,2.8,ACCESSIBILITY IS RIGHT - NOT PRIVILEGE
076-4622322,3,3.1,"> In at least the commonest definition of the word ""read"", the matter that one reads is ""text""."
076-4622322,3,3.2,"This isn't necessarily the case, William."
076-4622322,3,3.3,There is a lot of reading that is non-textual.
076-4622322,3,3.4,"I _highly_ recommend, to everyone on this list, the book ""Understanding Comics"" by Scott McCloud."
076-4622322,3,3.5,"It deals with the (U.S.) comic book medium and has some interesting thoughts and concepts on the ""language of comics"" as a blend between graphical and text media."
076-4622322,3,3.6,"In fact, I have it on the shelf behind me at work as I type this, beside my XHTML, XSLT, CSS, usability, and disability references."
076-4622322,3,3.7,--Kynn
076-4622322,3,3.8,--
076-4622322,3,3.9,Kynn Bartlett &lt;kynn@idyllmtn.com&gt; http://kynn.com/
076-4622322,3,3.10,"Director of Accessibility, Edapta http://www.edapta.com/"
076-4622322,3,3.11,"Chief Technologist, Idyll Mountain Internet http://www.idyllmtn.com/"
076-4622322,3,3.12,AWARE Center Director http://www.awarecenter.org/
076-4622322,3,3.13,Vote for Liz for N. Am. ICANN Nominee! http://www.khyri.com/icann/
076-4622322,4,4.1,anyone have a dictionary handy?
076-4622322,5,5.1,> I'm pleased to see that someone is actually doing something to make reading and communication more possible in this text-heavy learning environment.
076-4622322,5,5.2,Jonathan
076-4622322,5,5.3,- I was wondering if you would explain your work in this area.
076-4622322,5,5.4,I am currently doing an MSc in Computer Studies and my project is looking at web accessibility for people with learning disabilities.
076-4622322,5,5.5,I'd appreciate any useful ideas/references that you or anyone else reading this may have.
076-4622322,5,5.6,Thanks!
076-4622322,5,5.7,Ali
076-4622322,6,6.1,"> In fact, I have it on the shelf behind me at work as I type this, beside my XHTML, XSLT, CSS, usability, and disability references."
076-4622322,6,6.2,"Is this bookshelf documented on Kynn.COM, or would you consider sharing with us a short list of the references you find the most helpful?"
076-4622322,6,6.3,Al
076-4622322,7,7.1,"> Is this bookshelf documented on Kynn.COM, or would you consider sharing with us a short list of the references you find the most helpful?"
076-4622322,7,7.2,"Hey, that's not a bad idea."
076-4622322,7,7.3,"In fact, I encourage everyone else to share their favorite bookshelf collections"
076-4622322,7,7.4,-- if relevant to WAI activities.
076-4622322,7,7.5,I'll post mine on kynn.com tomorrow when I'm back in the office.
076-4622322,7,7.6,--Kynn
076-4622322,7,7.7,--
076-4622322,7,7.8,--
076-4622322,7,7.9,Kynn Bartlett &lt;kynn@idyllmtn.com&gt;
076-4622322,7,7.10,http://www.kynn.com/
077-4500595,1,1.1,I have built a form which has a submit button on it.
077-4500595,1,1.2,"If the user activates the button and hasn't filled out the form correctly, a javascript 'alert' pop-up is presented to the user, giving more information."
077-4500595,1,1.3,This appears to be in breach of checkpoint 10.1
077-4500595,1,1.4,http://www.w3.org/TR/WCAG10/wai-pageauth.html#tech-avoid-pop-ups
077-4500595,1,1.5,"Would it be acceptable to provide a warning message, something like 'Submitting this form may result in a pop-up dialog being displayed' before the submit button, in the same color as the background?"
077-4500595,1,1.6,Thus (I believe) making the text available to screen reader users but not to sighted users?
077-4500595,1,1.7,Regards
077-4500595,1,1.8,Graham Oliver
077-4500595,1,1.9,__________________________________________________
077-4500595,1,1.10,Do You Yahoo!?
077-4500595,1,1.11,Get email at your own domain with Yahoo! Mail.
077-4500595,1,1.12,http://personal.mail.yahoo.com/
077-4500595,2,2.1,&gt; I have built a form which has a submit button on it.
077-4500595,2,2.2,"&gt; If the user activates the button and hasn't filled out the form correctly, a javascript 'alert' pop-up is presented to the user, giving more information."
077-4500595,2,2.3,&gt; This appears to be in breach of checkpoint 10.1
077-4500595,2,2.4,&gt; http://www.w3.org/TR/WCAG10/wai-pageauth.html#tech-avoid-pop-ups
077-4500595,2,2.5,"&gt; Would it be acceptable to provide a warning message, something like 'Submitting this form may result in a pop-up dialog being displayed' before the submit button, in the same color as the background?"
077-4500595,2,2.6,&gt; Thus (I believe) making the text available to screen reader users but not to sighted users?
077-4500595,2,2.7,This will show up on any device that cannot display colours or doesn't understand the styling used to set the colours.
077-4500595,2,2.8,It is a known trick for stuffing keywords for search engines and may result in the site being boycotted by major search engines.
077-4500595,2,2.9,"One is expecting a major change in content when one submits a form, so one of the main reasons for avoiding popups doesn't apply."
077-4500595,3,3.1,It also depends on how the screen reader gets its content -
077-4500595,3,3.2,readers that are too smart about colours (a useful feature) will realise that the text is invisible and skip it.
077-4500595,3,3.3,"(given the way this is normally used to stuff keywords in pages, it is not a bad practice)."
077-4500595,3,3.4,Charles McCN
077-4500595,3,3.5,&gt;&gt; I have built a form which has a submit button on it.
077-4500595,3,3.6,"&gt;&gt; If the user activates the button and hasn't filled out the form correctly, a javascript 'alert' pop-up is presented to the user, giving more information."
077-4500595,3,3.7,&gt;&gt; This appears to be in breach of checkpoint 10.1
077-4500595,3,3.8,&gt;&gt; http://www.w3.org/TR/WCAG10/wai-pageauth.html#tech-avoid-pop-ups
077-4500595,3,3.9,"&gt;&gt; Would it be acceptable to provide a warning message, something like 'Submitting this form may result in a pop-up dialog being displayed' before the submit button, in the same color as the background?"
077-4500595,3,3.10,&gt;&gt; Thus (I believe) making the text available to screen reader users but not to sighted users?
077-4500595,3,3.11,&gt; This will show up on any device that cannot display colours or doesn't understand the styling used to set the colours.
077-4500595,3,3.12,&gt; It is a known trick for stuffing keywords for search engines and may result in the site being boycotted by major search engines.
077-4500595,3,3.13,"&gt; One is expecting a major change in content when one submits a form, so one of the main reasons for avoiding popups doesn't apply."
077-4500595,3,3.14,--
077-4500595,3,3.15,Charles McCathieNevile http://www.w3.org/People/Charles phone: +61 409 134 136
077-4500595,3,3.16,W3C Web Accessibility Initiative http://www.w3.org/WAI fax: +1 617 258 5999
077-4500595,3,3.17,"Location: I-cubed, 110 Victoria Street, Carlton VIC 3053, Australia"
077-4500595,3,3.18,"(or W3C INRIA, Route des Lucioles, BP 93, 06902 Sophia Antipolis Cedex, France)"
077-4500595,4,4.1,"Hi All,"
077-4500595,4,4.2,You could try using a spacer image and then put your message in the alt text.
077-4500595,4,4.3,I don't know how that will behave in the screenreader but it may help get around the problem with the search engine.
077-4500595,4,4.4,Anthony
077-4500595,4,4.5,"&gt;&gt; Would it be acceptable to provide a warning message, something like 'Submitting this form may result in a pop-up dialog being displayed' before the submit button, in the same color as the background?"
077-4500595,4,4.6,&gt;&gt; Thus (I believe) making the text available to screen reader users but not to sighted users?
077-4500595,4,4.7,&gt; This will show up on any device that cannot display colours or doesn't understand the styling used to set the colours.
077-4500595,4,4.8,&gt; It is a known trick for stuffing keywords for search engines and may result in the site being boycotted by major search engines.
077-4500595,4,4.9,"&gt; One is expecting a major change in content when one submits a form, so one of the main reasons for avoiding popups doesn't apply."
077-4500595,5,5.1,"&gt; Hi All,"
077-4500595,5,5.2,&gt; You could try using a spacer image and then put your message in the alt text.
077-4500595,5,5.3,&gt; I don't know how that will behave in the screenreader but it may help get around the problem with the search engine.
077-4500595,5,5.4,"Perhaps not, since putting spider-bait in alt attributes is just as old a search-engine as hiding stuff using colour."
077-4500595,5,5.5,"On the other hand there isn't really anyway I can think of for spiders to know whether they are being baited unless there is a lot of repetition of words other than &quot;a&quot;, &quot;the&quot;, etc."
077-4500595,5,5.6,"Spider-baiting in itself is quite a problem for users of text, whether sighted text-only users or users of enabling technologies."
077-4500595,5,5.7,I've quite often come across sites with little for a text-only user to read but the keywords they want to be listed over repeated 50 times.
078-1321398,1,1.1,Could anyone give me a lead as far as a website to visit or a federal department to talk to about the accessbility of Federal Credit Union websites?
078-1321398,1,1.2,Does 508 apply to the Federal Credit Unions?
078-1321398,1,1.3,Is this written down anywhere?
078-1321398,1,1.4,"Thanks,"
078-1321398,1,1.5,Suzanne
078-1321398,1,1.6,&quot;Do not be encumbered by history.
078-1321398,1,1.7,Go off and do something wonderful.&quot;
078-1321398,1,1.8,- Robert Noyce Intel Co-Founder
078-1321398,1,1.9,---------------------------------
078-1321398,1,1.10,Do You Yahoo!?
078-1321398,1,1.11,LAUNCH - Your Yahoo! Music Experience
078-1321398,2,2.1,http://www.pueblo.gsa.gov/cic_text/money/credit-unions/fedcredt.htm describes what the Credit Unions are.
078-1321398,2,2.2,"I would doubt that these organizations, owned by their members, are covered by 508."
078-1321398,2,2.3,Dan
078-1321398,2,2.4,&gt; Could anyone give me a lead as far as a website to visit or a federal department to talk to about the accessbility of Federal Credit Union websites?
078-1321398,2,2.5,&gt; Does 508 apply to the Federal Credit Unions?
078-1321398,2,2.6,&gt; Is this written down anywhere?
078-1321398,2,2.7,"&gt; Thanks,"
078-1321398,2,2.8,&gt; Suzanne
078-1321398,2,2.9,&gt; &quot;Do not be encumbered by history.
078-1321398,2,2.10,&gt; Go off and do something wonderful.&quot;
078-1321398,2,2.11,&gt; - Robert Noyce Intel Co-Founder
078-1321398,2,2.12,&gt; _____
078-1321398,2,2.13,&gt; Do You Yahoo!?
078-1321398,2,2.14,&gt; LAUNCH - Your Yahoo! Music Experience
078-1321398,3,3.1,Which of course is no reason to NOT make the sites accessible &lt;grin&gt;
078-1321398,3,3.2,JF
078-1321398,3,3.3,&gt; http://www.pueblo.gsa.gov/cic_text/money/credit-unions/fedcredt.htm describes what the Credit Unions are.
078-1321398,3,3.4,"&gt; I would doubt that these organizations, owned by their members, are covered by 508."
078-1321398,3,3.5,&gt; Dan
078-1321398,3,3.6,&gt;&gt; Could anyone give me a lead as far as a website to visit or a federal department to talk to about the accessbility of Federal Credit Union websites?
078-1321398,3,3.7,&gt;&gt; Does 508 apply to the Federal Credit Unions?
078-1321398,3,3.8,&gt;&gt; Is this written down anywhere?
078-1321398,3,3.9,"&gt;&gt; Thanks,"
078-1321398,3,3.10,&gt;&gt; Suzanne
078-1321398,3,3.11,&gt;&gt; &quot;Do not be encumbered by history.
078-1321398,3,3.12,&gt;&gt; Go off and do something wonderful.&quot;
078-1321398,3,3.13,&gt;&gt; - Robert Noyce Intel Co-Founder
078-1321398,3,3.14,&gt;&gt; _____
078-1321398,3,3.15,&gt;&gt; Do You Yahoo!?
078-1321398,3,3.16,&gt;&gt; LAUNCH - Your Yahoo! Music Experience
078-1321398,3,3.17,&lt;/grin&gt;
078-1321398,4,4.1,&gt; Which of course is no reason to NOT make the sites accessible &lt;grin&gt;
078-1321398,4,4.2,"Well, they do have a semi-defense...."
078-1321398,4,4.3,"they're kinda poor in day-to-day cash, I'd imagine."
078-1321398,4,4.4,John
078-1321398,4,4.5,&lt;/grin&gt;
078-1321398,5,5.1,"&gt; David, et.al."
078-1321398,5,5.2,"&gt; Federal Credit Unions are not federal agencies, they are owned by the members that form them."
078-1321398,5,5.3,"&gt; They are regulated, however."
078-1321398,5,5.4,&gt; See http://www.cuna.org/data/consumer/whatis/whatisacu.html and (when it's up) http://www.ncua.gov/
078-1321398,5,5.5,"&gt; As far as I can see, a credit union doesn't fall under 508."
078-1321398,5,5.6,&gt; Rex
078-1321398,5,5.7,"&gt; Rex Lint, Consultant"
078-1321398,5,5.8,&gt; 26 Brek Drive
078-1321398,5,5.9,"&gt; Merrimack, NH 03054"
078-1321398,5,5.10,&gt; PHONE 603-860-7651
078-1321398,5,5.11,&gt; HOME 603-889-7650
078-1321398,5,5.12,&gt; FAX 603-882-6612
078-1321398,5,5.13,&gt;&gt; Could anyone give me a lead as far as a website to visit or a federal department to talk to about the accessbility of Federal Credit Union websites?
078-1321398,5,5.14,&gt;&gt; Does 508 apply to the Federal Credit Unions?
078-1321398,5,5.15,&gt;&gt; Is this written down anywhere?
078-1321398,5,5.16,"&gt;&gt; Thanks,"
078-1321398,5,5.17,&gt;&gt; Suzanne
078-1321398,5,5.18,&gt;&gt; &quot;Do not be encumbered by history.
078-1321398,5,5.19,&gt;&gt; Go off and do something wonderful.&quot;
078-1321398,5,5.20,&gt;&gt; - Robert Noyce Intel Co-Founder
078-1321398,5,5.21,&gt;&gt; _____
078-1321398,5,5.22,&gt;&gt; Do You Yahoo!?
078-1321398,5,5.23,&gt;&gt; LAUNCH - Your Yahoo! Music Experience
078-1321398,6,6.1,"&gt;&gt; David, et.al."
078-1321398,6,6.2,"&gt;&gt; Federal Credit Unions are not federal agencies, they are owned by the members that form them."
078-1321398,6,6.3,"&gt;&gt; They are regulated, however."
078-1321398,6,6.4,&gt;&gt; See http://www.cuna.org/data/consumer/whatis/whatisacu.html and (when it's up) http://www.ncua.gov/
078-1321398,6,6.5,"&gt;&gt; As far as I can see, a credit union doesn't fall under 508."
078-1321398,6,6.6,But they DO fall under ADA and that does require &quot;equivalent facilitation&quot; which could require usable web site and Section 508 serves as guidance
078-1321398,6,6.7,Bob
078-1321398,6,6.8,ASCII Ribbon Campaign accessBob
078-1321398,6,6.9,NO HTML/PDF/RTF in e-mail accessys@smartnospam.net
078-1321398,6,6.10,"NO MSWord docs in e-mail Access Systems, engineers"
078-1321398,6,6.11,"NO attachments in e-mail, *LINUX powered* access is a civil right"
078-1321398,6,6.12,*#*#*#*#*#*#*#*#*#*#*#*#*#*#*#*#*#*#*#*#*#*#*#*#*#*#*#*#*#*#*#*#*#*#*#*#*#*#*#
078-1321398,6,6.13,THIS message and any attachments are CONFIDENTIAL and may be privileged.
078-1321398,6,6.14,They are intended ONLY for the individual or entity named above.
078-1321398,6,6.15,"If you are not the intended recipient, Please notify the sender as soon as possible."
078-1321398,6,6.16,"Please DO NOT READ, COPY, USE, or DISCLOSE this communication to others and DELETE it from your computer systems."
078-1321398,6,6.17,Thanks
078-15693133,1,1.1,Peepo has advocated for some years the use of the keyboard as means to select links.
078-15693133,1,1.2,"In the latest mozilla browser, when you type a letter, except in a text entry box, it cycles through links that have that letter in their text."
078-15693133,1,1.3,"it seems slightly buggy, but what do you think?"
078-15693133,1,1.4,(course it screws my coding right and proper)
078-15693133,1,1.5,thanks
078-15693133,1,1.6,jonathan
078-15693133,2,2.1,&gt; Peepo has advocated for some years the use of the keyboard as means to select links.
078-15693133,2,2.2,"&gt; In the latest mozilla browser, when you type a letter, except in a text entry box, it cycles through links that have that letter in their text."
078-15693133,2,2.3,"&gt; it seems slightly buggy, but what do you think?"
078-15693133,2,2.4,i found out about this only a few days ago and have been using the so-called 'typeaheadfind' since then quite a lot.
078-15693133,2,2.5,i haven't found it buggy at all and absolutely love it.
078-15693133,2,2.6,it's more a Find function then a 'cycling through links' function.
078-15693133,2,2.7,with the focus on the page you just type a word (or beginning of it) and mozilla jumps to that word.
078-15693133,2,2.8,F3 finds the next instance.
078-15693133,2,2.9,it first only looks at links but if you type a '/' (slash) before the word it searches the whole text.
078-15693133,2,2.10,it really just saves you bringing up that cumbersome Find dialogue box.
078-15693133,2,2.11,i don't think it really works for cycling through links.
078-15693133,2,2.12,the tab key works better for that.
078-15693133,2,2.13,iris
078-15693133,2,2.14,=====
078-15693133,2,2.15,*******************************
078-15693133,2,2.16,omnia mea mecum porto
078-15693133,2,2.17,&amp;lt;http://www.jarmin.com/&amp;gt;
078-15693133,2,2.18,&amp;lt;http://www.demos.ac.uk/&amp;gt;
078-15693133,2,2.19,*******************************
078-15693133,2,2.20,__________________________________________________
078-15693133,2,2.21,Do you Yahoo!?
078-15693133,2,2.22,New DSL Internet Access from SBC &amp;amp; Yahoo!
078-15693133,2,2.23,http://sbc.yahoo.com
078-15693133,3,3.1,&gt; (course it screws my coding right and proper)
078-15693133,3,3.2,how does it screw your coding?
078-15693133,3,3.3,iris
078-15693133,3,3.4,=====
078-15693133,3,3.5,*******************************
078-15693133,3,3.6,omnia mea mecum porto
078-15693133,3,3.7,&amp;lt;http://www.jarmin.com/&amp;gt;
078-15693133,3,3.8,&amp;lt;http://www.demos.ac.uk/&amp;gt;
078-15693133,3,3.9,*******************************
078-15693133,3,3.10,__________________________________________________
078-15693133,3,3.11,Do you Yahoo!?
078-15693133,3,3.12,New DSL Internet Access from SBC &amp;amp; Yahoo!
078-15693133,3,3.13,http://sbc.yahoo.com
078-15693133,4,4.1,&gt; i found out about this only a few days ago and have been using the so-called 'typeaheadfind' since then quite a lot.
078-15693133,4,4.2,&gt; i haven't found it buggy at all and absolutely love it.
078-15693133,4,4.3,Indeed....
078-15693133,4,4.4,I have loved Opera's &quot;inline find&quot; for a long time.
078-15693133,4,4.5,Sounds like Moz has copped another Opera feature ;-)
078-15693133,4,4.6,http://tntluoma.com/opera/lover/day13-inlinefind/
078-15693133,4,4.7,&gt; i don't think it really works for cycling through links.
078-15693133,4,4.8,&gt; the tab key works better for that.
078-15693133,4,4.9,I still haven't found anything that matches Opera's CONTROL+J (which will list all links on the page).
078-15693133,4,4.10,It also gives you a quick method to see if your links will make sense when read out of context.
078-15693133,4,4.11,TjL
078-15693133,4,4.12,--
078-15693133,4,4.13,30 Days to becoming an Opera Lover
078-15693133,4,4.14,http://www.tntluoma.com/switch
078-15693133,4,4.15,Day 25: Opera does Plug-ins (better than the other guys) too
078-15693133,4,4.16,http://tntluoma.com/opera/lover/day25-plugins/
078-15693133,5,5.1,"well those are some of the positives, how about disabling for those who are hyperactive, and just cannot stop fiddling with the keyboard?"
078-15693133,5,5.2,its buggy in the sense that for instance 'k' words aren't just those that start with the letter k but also those that include the letter k.
078-15693133,5,5.3,I'd expect it to have a few others besides.
078-15693133,5,5.4,jonathan
078-15693133,5,5.5,&gt;&gt; i found out about this only a few days ago and have been using the so-called 'typeaheadfind' since then quite a lot.
078-15693133,5,5.6,&gt;&gt; i haven't found it buggy at all and absolutely love it.
078-15693133,5,5.7,&gt; Indeed....
078-15693133,5,5.8,&gt; I have loved Opera's &quot;inline find&quot; for a long time.
078-15693133,5,5.9,&gt; Sounds like Moz has copped another Opera feature ;-)
078-15693133,5,5.10,&gt; http://tntluoma.com/opera/lover/day13-inlinefind/
078-15693133,5,5.11,&gt;&gt; i don't think it really works for cycling through links.
078-15693133,5,5.12,&gt;&gt; the tab key works better for that.
078-15693133,5,5.13,&gt; I still haven't found anything that matches Opera's CONTROL+J (which will list all links on the page).
078-15693133,5,5.14,&gt; It also gives you a quick method to see if your links will make sense when read out of context.
078-15693133,5,5.15,&gt; TjL
078-15693133,5,5.16,&gt; --
078-15693133,5,5.17,&gt; 30 Days to becoming an Opera Lover
078-15693133,5,5.18,&gt; http://www.tntluoma.com/switch
078-15693133,5,5.19,&gt; Day 25: Opera does Plug-ins (better than the other guys) too
078-15693133,5,5.20,&gt; http://tntluoma.com/opera/lover/day25-plugins/
078-3797219,1,1.1,"Dear All,"
078-3797219,1,1.2,I found this interesting Website accessibility poll on: http://www.iwks.com/default.asp
078-3797219,1,1.3,Apologies now in case this page is not accessible
078-3797219,1,1.4,- it's just that the results are very interesting and I would be happy to send an update to the list later on with the final results so we can all benefit from it.
078-3797219,1,1.5,Kind regards
078-3797219,1,1.6,Simon
078-3797219,1,1.7,---
078-3797219,1,1.8,Simon White
078-3797219,1,1.9,Business Solutions
078-3797219,1,1.10,JKD
078-3797219,1,1.11,Westminster Business Square
078-3797219,1,1.12,1-45 Durham Street
078-3797219,1,1.13,London
078-3797219,1,1.14,SE11 5JH
078-3797219,1,1.15,Tel: 020 7793 9399
078-3797219,1,1.16,Fax: 020 7793 9299
078-3797219,1,1.17,URL: www.jkd.co.uk
078-3797219,1,1.18,---
078-3797219,1,1.19,James Kelsey Design Ltd (JKD) or The Incepta Group plc and its subsidiary companies may not be held responsible for the content of this email as it may reflect the personal view of the sender and not that of the company.
078-3797219,1,1.20,"JKD run anti virus software on all servers and all workstations, they can not be held responsible for any infected files that you may receive."
078-3797219,1,1.21,JKD advises all recipients to virus scan any file attachments.
078-3797219,2,2.1,"> Dear All,"
078-3797219,2,2.2,> I found this interesting Website accessibility poll on: http://www.iwks.com/default.asp
078-3797219,2,2.3,Where exactly?
078-3797219,3,3.1,> I found this interesting Website accessibility poll on: http://www.iwks.com/default.asp
078-3797219,3,3.2,It was indeed interesting
078-3797219,3,3.3,- I can't get at the results either with Opera or Lynx.
078-3797219,3,3.4,"Yes, please, an update to the list of the data would be beneficial to us who do not maintain the same browsers or have the same capabilities as those who coded that very, very interesting albeit ironic poll."
078-3797219,3,3.5,--
078-3797219,3,3.6,- Tina Holmboe Greytower Technologies
078-3797219,3,3.7,tina@greytower.net http://www.greytower.net/
078-3797219,3,3.8,[+46] 0708 557 905
078-3797219,4,4.1,The poll is halfway down on the right hand side of the page.
078-3797219,4,4.2,"Sorry, the page was designed by a person with idea on usability."
078-3797219,4,4.3,A perennial portal problem...
078-3797219,4,4.4,"The poll is just visible without scrolling down, underneath the Internet Works magazine image."
078-3797219,4,4.5,Are you viewing in graphics browser?
078-3797219,4,4.6,Does anyone need better directions?
078-3797219,4,4.7,">> Dear All,"
078-3797219,4,4.8,>> I found this interesting Website accessibility poll on: http://www.iwks.com/default.asp
078-3797219,4,4.9,> Where exactly?
078-3797219,4,4.10,_____________________________________________________________________
078-3797219,4,4.11,VirusChecked by the Incepta Group plc
078-3797219,4,4.12,_____________________________________________________________________
078-3797219,5,5.1,"> Yes, please, an update to the list of the data would be beneficial to us who do not maintain the same browsers or have the same capabilities as those who coded that very, very interesting albeit ironic poll."
078-3797219,5,5.2,"So far, the poll results say that 47% of the participants have no idea how to even make their site accessible, or what it means."
078-3797219,5,5.3,That's just wonderful news.
078-3797219,5,5.4,Randal
078-3797219,6,6.1,>> I found this interesting Website accessibility poll on: http://www.iwks.com/default.asp
078-3797219,6,6.2,> Where exactly?
078-3797219,6,6.3,"The poll did not display for me either, as you need scripting enabled to view it."
078-3797219,6,6.4,That's rather ironic considering the question.
078-3797219,6,6.5,--
078-3797219,6,6.6,Tom Gilder
078-3797219,6,6.7,http://tom.me.uk/
078-3797219,7,7.1,Answers have gotten better.
078-3797219,7,7.2,Web Site Accessibility
078-3797219,7,7.3,Is your Web site accessible to the disabled?
078-3797219,7,7.4,percent
078-3797219,7,7.5,1.) Yes 22%
078-3797219,7,7.6,2.) No - but it will be within the next 12 months 15%
078-3797219,7,7.7,3.) No - and I can't see the point of doing so 16%
078-3797219,7,7.8,4.) No - it would be too difficult to do 6%
078-3797219,7,7.9,5.) Not sure - How do I do it? 41%
078-3797219,8,8.1,> Answers have gotten better.
078-3797219,8,8.2,> Web Site Accessibility
078-3797219,8,8.3,> Is your Web site accessible to the disabled?
078-3797219,8,8.4,> percent
078-3797219,8,8.5,> 1.) Yes 22%
078-3797219,8,8.6,"Wonder how many of those have actually checked it, and aren't guessing"
078-3797219,8,8.7,"(it might have been swayed by it being posted here, though)? :)"
078-3797219,8,8.8,--
078-3797219,8,8.9,Tom Gilder
078-3797219,8,8.10,http://tom.me.uk/
078-3797219,9,9.1,is there any way to find out how many people have voted?
078-3797219,9,9.2,>> Answers have gotten better.
078-3797219,9,9.3,>> Web Site Accessibility
078-3797219,9,9.4,>> Is your Web site accessible to the disabled?
078-3797219,9,9.5,>> percent
078-3797219,9,9.6,>> 1.) Yes 22%
078-3797219,9,9.7,"> Wonder how many of those have actually checked it, and aren't guessing"
078-3797219,9,9.8,"> (it might have been swayed by it being posted here, though)? :)"
078-3797219,9,9.9,> --
078-3797219,9,9.10,> Tom Gilder
078-3797219,9,9.11,> http://tom.me.uk/
078-3797219,10,10.1,> is there any way to find out how many people have voted?
078-3797219,10,10.2,Somebody on the list emailed the website yesterday to find out.
078-3797219,10,10.3,"Maybe if the site responds, he'll forward the answer to the list."
078-3797219,10,10.4,"Regards,"
078-3797219,10,10.5,Andy
078-3797219,11,11.1,And that person is still waiting to hear from the Webmaster.
078-3797219,11,11.2,I would also like to apologise for not posting the final results but Internet problems prevented me from accessing the site...
078-3797219,11,11.3,that was my end of things and not the site that was having problems.
078-3797219,11,11.4,I will email again today and see if I can get an answer for the list.
078-3797219,11,11.5,"Further apologies for those who could not access the poll, but I think that this is often typical of sites that run articles or polls on accessibility, and a complaint has been logged with the site."
078-3797219,11,11.6,Kind regards
078-3797219,11,11.7,Simon
078-3797219,11,11.8,>> is there any way to find out how many people have voted?
078-3797219,11,11.9,> Somebody on the list emailed the website yesterday to find out.
078-3797219,11,11.10,"> Maybe if the site responds, he'll forward the answer to the list."
078-3797219,11,11.11,"> Regards,"
078-3797219,11,11.12,> Andy
078-3797219,11,11.13,_____________________________________________________________________
078-3797219,11,11.14,VirusChecked by the Incepta Group plc
078-3797219,11,11.15,_____________________________________________________________________
078-6832141,1,1.1,Anyone know any web sites that are 'highly accessible to' and 'well liked by' the deaf community?
078-6832141,1,1.2,Cheers
078-6832141,1,1.3,Graham
078-6832141,1,1.4,AccEase Ltd : Making on-line information accessible
078-6832141,1,1.5,Phone : +64 9 846 6995
078-6832141,1,1.6,Email : goliver@accease.com
078-6832141,2,2.1,one suggestion I've received is The Federation of Deaf People
078-6832141,2,2.2,http://www.fdp.org.uk/
078-6832141,2,2.3,jonathan chetwynd
078-6832141,2,2.4,http://www.peepo.com &quot;The first and still the best picture directory on the web&quot;
078-6832141,2,2.5,http://www.learningdifficulty.org.uk &quot;Our guide to helping people with a learning difficulty get the most from the web&quot;
078-6832141,3,3.1,A suggestion I got is Elokuvantaju - CinemaSense
078-6832141,3,3.2,http://elokuvantaju.uiah.fi
078-6832141,3,3.3,"It has sign language available, but only finnish sign language at the moment."
078-6832141,3,3.4,Cheers
078-6832141,3,3.5,Chaals
078-6832141,3,3.6,&gt; one suggestion I've received is The Federation of Deaf People
078-6832141,3,3.7,&gt; http://www.fdp.org.uk/
078-6832141,3,3.8,&gt; jonathan chetwynd
078-6832141,3,3.9,&gt; http://www.peepo.com &quot;The first and still the best picture directory on the web&quot;
078-6832141,3,3.10,&gt; http://www.learningdifficulty.org.uk &quot;Our guide to helping people with a learning difficulty get the most from the web&quot;
078-6832141,3,3.11,--
078-6832141,3,3.12,Charles McCathieNevile http://www.w3.org/People/Charles phone: +61 409 134 136
078-6832141,3,3.13,W3C Web Accessibility Initiative http://www.w3.org/WAI fax: +1 617 258 5999
078-6832141,3,3.14,"Location: 21 Mitchell street FOOTSCRAY Vic 3011, Australia"
078-6832141,3,3.15,"(or W3C INRIA, Route des Lucioles, BP 93, 06902 Sophia Antipolis Cedex, France)"
078-6832141,4,4.1,"Hi Graham,"
078-6832141,4,4.2,For the spanish people the site is:
078-6832141,4,4.3,http://www.planetavisual.org
078-6832141,4,4.4,And the site of the confederation is:
078-6832141,4,4.5,http://www.cnse.es
078-6832141,4,4.6,"Regards,"
078-6832141,4,4.7,Emmanuelle
078-6832141,4,4.8,&gt; Anyone know any web sites that are 'highly accessible to' and 'well liked by' the deaf community?
078-6832141,4,4.9,&gt; Cheers
078-6832141,4,4.10,&gt; Graham
078-6832141,4,4.11,&gt; AccEase Ltd : Making on-line information accessible
078-6832141,4,4.12,&gt; Phone : +64 9 846 6995
078-6832141,4,4.13,&gt; Email : goliver@accease.com
078-6832141,5,5.1,"Hi Graham,"
078-6832141,5,5.2,Other sites in Spanish:
078-6832141,5,5.3,http://www.edu.xunta.es/centros/sordos-co/
078-6832141,5,5.4,http://www.vocesenelsilencio.org/
078-6832141,5,5.5,Graciela
078-6832141,5,5.6,Red de Integraci?n Especial (RedEspecial WEB)
078-6832141,5,5.7,http://www.redespecialWEB.org/
078-6832141,5,5.8,III Congreso Virtual:&quot;Integraci?n sin Barreras en el Siglo XXI&quot;
078-6832141,5,5.9,1 al 30 de noviembre - 2002
078-6832141,5,5.10,Registrarse enviando un mensaje a:
078-6832141,5,5.11,&amp;lt;IIIcongreso_redespecial-alta@eListas.net&amp;gt;
078-6832141,6,6.1,"As a former therapist for Hearing and Deaf people, I know lots of people liked Deaf World Web."
078-6832141,6,6.2,Sadly to say that's discontinued now but they recommend http://dww.deafworldweb.org/asl/
078-6832141,6,6.3,&amp;lt;http://dww.deafworldweb.org/asl/&amp;gt;
078-6832141,6,6.4,Rachel
078-6832141,6,6.5,~*~* ~*~
078-6832141,6,6.6,"Rachel Harris, M.S., L.P.C., N.C.C."
078-6832141,6,6.7,Multnomah County Department of Community Justice
078-6832141,6,6.8,Web Site/ Policy Coordinator
078-6832141,6,6.9,"501 SE Hawthorne Blvd. Portland, OR 97214"
078-6832141,6,6.10,Phone- (503) 988-6048 Fax-(503) 988-3990 TDD-(503) 248-3561
078-6832141,6,6.11,INTEROFFICE MAIL: B503/2
078-6832141,6,6.12,Rachel.D.Harris@co.multnomah.or.us
078-6832141,6,6.13,http://www.co.multnomah.or.us/dcj/ &amp;lt;http://www.co.multnomah.or.us/dcj/&amp;gt;
078-6832141,6,6.14,~*~*~*~*~*~*~*~*~*~*~*~*~*~
078-6832141,6,6.15,&gt; Anyone know any web sites that are 'highly accessible to' and 'well liked by' the deaf community?
078-6832141,6,6.16,&gt; Cheers
078-6832141,6,6.17,&gt; Graham
078-6832141,6,6.18,&gt; AccEase Ltd : Making on-line information accessible
078-6832141,6,6.19,&gt; Phone : +64 9 846 6995
078-6832141,6,6.20,&gt; Email : goliver@accease.com
078-6832141,7,7.1,http://www.ctad.co.uk/basil/ has also been recommended
078-6832141,7,7.2,jonathan chetwynd
078-6832141,7,7.3,http://www.peepo.com &quot;The first and still the best picture directory on the web&quot;
078-6832141,7,7.4,http://www.learningdifficulty.org.uk &quot;Our guide to helping people with a learning difficulty get the most from the web&quot;
078-6832141,8,8.1,other links include:
078-6832141,8,8.2,www.rnid.org.uk
078-6832141,8,8.3,www.britishdeafassociation.org.uk
078-6832141,8,8.4,www.deafchristian.org.uk
078-6832141,8,8.5,www.hearing-dogs.co.uk
078-6832141,8,8.6,www.royaldeaf.org.uk/links.htm
078-6832141,8,8.7,www.signcommunique.com
078-6832141,8,8.8,www.yagc.demon.co.uk/Deaf/Deaf.html
078-6832141,8,8.9,www.breakthrough-dhi.org.uk
078-6832141,8,8.10,www.deafclub.co.uk
078-6832141,8,8.11,www.bris.ac.uk/Depts/DeafStudies/links.htm
078-6832141,8,8.12,www.linkcentre.org
078-6832141,8,8.13,www.deafclub.co.uk/deafbooks
078-6832141,8,8.14,www.forestbooks.com
078-6832141,8,8.15,jonathan chetwynd
078-6832141,8,8.16,http://www.peepo.com &quot;The first and still the best picture directory on the web&quot;
078-6832141,8,8.17,http://www.learningdifficulty.org.uk &quot;Our guide to helping people with a learning difficulty get the most from the web&quot;
078-8112187,1,1.1,I don't know of any screen-readers or speaking browsers that support aural style sheets.
078-8112187,1,1.2,Does anyone?
078-8112187,1,1.3,"Thanks,"
078-8112187,1,1.4,Laura
078-8112187,1,1.5,_________________________________________________________________
078-8112187,1,1.6,Laura L. Carlson
078-8112187,1,1.7,Information Technology Systems and Services
078-8112187,1,1.8,University of Minnesota Duluth
078-8112187,1,1.9,"Duluth, MN 55812-3009"
078-8112187,1,1.10,mailto:lcarlson@d.umn.edu
078-8112187,2,2.1,Emacspeak.
078-8112187,2,2.2,I also know of a project that may soon produce another one.
078-8112187,2,2.3,Chaals
078-8112187,2,2.4,&gt; I don't know of any screen-readers or speaking browsers that support aural style sheets.
078-8112187,2,2.5,&gt; Does anyone?
078-8112187,2,2.6,"&gt; Thanks,"
078-8112187,2,2.7,&gt; Laura
078-8112187,2,2.8,&gt; _________________________________________________________________
078-8112187,2,2.9,&gt; Laura L. Carlson
078-8112187,2,2.10,&gt; Information Technology Systems and Services
078-8112187,2,2.11,&gt; University of Minnesota Duluth
078-8112187,2,2.12,"&gt; Duluth, MN 55812-3009"
078-8112187,2,2.13,&gt; mailto:lcarlson@d.umn.edu
078-8112187,2,2.14,--
078-8112187,2,2.15,Charles McCathieNevile http://www.w3.org/People/Charles phone: +61 409 134 136
078-8112187,2,2.16,W3C Web Accessibility Initiative http://www.w3.org/WAI fax: +33 4 92 38 78 22
078-8112187,2,2.17,"Location: 21 Mitchell street FOOTSCRAY Vic 3011, Australia"
078-8112187,2,2.18,"(or W3C INRIA, Route des Lucioles, BP 93, 06902 Sophia Antipolis Cedex, France)"
078-8112187,3,3.1,&gt; Emacspeak.
078-8112187,3,3.2,Will this run on Windows (using Cygwin?)?
078-8112187,3,3.3,Danny.
078-8112187,4,4.1,pwwebspeak used to use them.
078-8112187,4,4.2,&gt;&gt; Emacspeak.
078-8112187,4,4.3,&gt; Will this run on Windows (using Cygwin?)?
078-8112187,4,4.4,&gt; Danny.
078-8112187,5,5.1,"Well, there is apparently a project to make it run under Windows in Japanese as well as english, but my japanese is not good enough to read the explanation pages."
078-8112187,5,5.2,Anyone out there who can help?
078-8112187,5,5.3,&gt;&gt; Emacspeak.
078-8112187,5,5.4,&gt; Will this run on Windows (using Cygwin?)?
078-8112187,5,5.5,&gt; Danny.
078-8112187,5,5.6,--
078-8112187,5,5.7,Charles McCathieNevile http://www.w3.org/People/Charles phone: +61 409 134 136
078-8112187,5,5.8,W3C Web Accessibility Initiative http://www.w3.org/WAI fax: +33 4 92 38 78 22
078-8112187,5,5.9,"Location: 21 Mitchell street FOOTSCRAY Vic 3011, Australia"
078-8112187,5,5.10,"(or W3C INRIA, Route des Lucioles, BP 93, 06902 Sophia Antipolis Cedex, France)"
078-8112187,6,6.1,"&gt; Well, there is apparently a project to make it run under Windows in Japanese as well as english, but my japanese is not good enough to read the explanation pages."
078-8112187,6,6.2,How about this:
078-8112187,6,6.3,VOICE WINDOWS AND VOICE MEADOW;
078-8112187,6,6.4,MULTILINGUAL TEXT-TO-SPEECH SYSTEM FOR WINDOWS(R) 98
078-8112187,6,6.5,http://www.csun.edu/cod/conf2000/proceedings/0050Watanabe.html
078-8112187,6,6.6,Note: &quot;Meadow&quot; stands for &quot;Multilingual Enhancement to gnu Emacs with ADvantages Over Windows&quot;.
078-8112187,6,6.7,"Regards,"
078-8112187,6,6.8,--
078-8112187,6,6.9,Masayasu Ishikawa / mimasa@w3.org
078-8112187,6,6.10,W3C - World Wide Web Consortium
078-8112187,7,7.1,"&gt; Well, there is apparently a project to make it run under Windows in Japanese as well as english, but my japanese is not good enough to read the explanation pages."
078-8112187,7,7.2,"what is the URL,"
078-8112187,7,7.3,although my Japanese is rusty I do have my Linux box set up to read and write the code.
078-8112187,7,7.4,Bob
078-8112187,7,7.5,&gt; Anyone out there who can help?
078-8112187,7,7.6,&gt;&gt;&gt; Emacspeak.
078-8112187,7,7.7,&gt;&gt; Will this run on Windows (using Cygwin?)?
078-8112187,7,7.8,&gt;&gt; Danny.
078-8112187,7,7.9,ASCII Ribbon Campaign accessBob
078-8112187,7,7.10,NO HTML/PDF/RTF in e-mail accessys@smartnospam.net
078-8112187,7,7.11,"NO MSWord docs in e-mail Access Systems, engineers"
078-8112187,7,7.12,"NO attachments in e-mail, *LINUX powered* access is a civil right"
078-8112187,7,7.13,*#*#*#*#*#*#*#*#*#*#*#*#*#*#*#*#*#*#*#*#*#*#*#*#*#*#*#*#*#*#*#*#*#*#*#*#*#*#*#
078-8112187,7,7.14,THIS message and any attachments are CONFIDENTIAL and may be privileged.
078-8112187,7,7.15,They are intended ONLY for the individual or entity named above.
078-8112187,7,7.16,"If you are not the intended recipient, Please notify the sender as soon as possible."
078-8112187,7,7.17,"Please DO NOT READ, COPY, USE, or DISCLOSE this communication to others and DELETE it from your computer systems."
078-8112187,7,7.18,Thanks
079-14194071,1,1.1,"Dear ALL,"
079-14194071,1,1.2,I have now completed an update to the paper &quot;A Dyslexic Perspective on e-Content Accessibility&quot;.
079-14194071,1,1.3,"The paper is available in a HTML format, Word Document, RTF and PDF (tagged)."
079-14194071,1,1.4,I hope to have a summary sheet available shortly.
079-14194071,1,1.5,Thanks to all who took time to feed back.
079-14194071,1,1.6,Pete Rainger
079-14194071,1,1.7,Research Officer
079-14194071,1,1.8,TechDis
079-14194071,2,2.1,URL???????
079-14194071,2,2.2,thanks
079-14194071,2,2.3,Bob
079-14194071,2,2.4,"&gt; Dear ALL,"
079-14194071,2,2.5,&gt; I have now completed an update to the paper &quot;A Dyslexic Perspective on e-Content Accessibility&quot;.
079-14194071,2,2.6,"&gt; The paper is available in a HTML format, Word Document, RTF and PDF (tagged)."
079-14194071,2,2.7,&gt; I hope to have a summary sheet available shortly.
079-14194071,2,2.8,&gt; Thanks to all who took time to feed back.
079-14194071,2,2.9,&gt; Pete Rainger
079-14194071,2,2.10,&gt; Research Officer
079-14194071,2,2.11,&gt; TechDis
079-14194071,2,2.12,"&quot;They that can give up essential liberty to obtain a little temporary safety deserve Neither liberty nor safety&quot;, Benjamin Franklin"
079-14194071,2,2.13,- - - - - - - - - - - - - - - - - - -
079-14194071,2,2.14,ASCII Ribbon Campaign accessBob
079-14194071,2,2.15,NO HTML/PDF/RTF in e-mail accessys@smartnospam.net
079-14194071,2,2.16,"NO MSWord docs in e-mail Access Systems, engineers"
079-14194071,2,2.17,"NO attachments in e-mail, *LINUX powered* access is a civil right"
079-14194071,2,2.18,*#*#*#*#*#*#*#*#*#*#*#*#*#*#*#*#*#*#*#*#*#*#*#*#*#*#*#*#*#*#*#*#*#*#*#*#*#*#*#
079-14194071,2,2.19,THIS message and any attachments are CONFIDENTIAL and may be privileged.
079-14194071,2,2.20,They are intended ONLY for the individual or entity named
079-14194071,3,3.1,URL:
079-14194071,3,3.2,http://www.techdis.ac.uk/seven/papers/
079-14194071,3,3.3,&gt; URL???????
079-14194071,3,3.4,&gt; thanks
079-14194071,3,3.5,&gt; Bob
079-14194071,3,3.6,"&gt;&gt; Dear ALL,"
079-14194071,3,3.7,&gt;&gt; I have now completed an update to the paper &quot;A Dyslexic Perspective on e-Content Accessibility&quot;.
079-14194071,3,3.8,"&gt;&gt; The paper is available in a HTML format, Word Document, RTF and PDF (tagged)."
079-14194071,3,3.9,&gt;&gt; I hope to have a summary sheet available shortly.
079-14194071,3,3.10,&gt;&gt; Thanks to all who took time to feed back.
079-14194071,3,3.11,&gt;&gt; Pete Rainger
079-14194071,3,3.12,&gt;&gt; Research Officer
079-14194071,3,3.13,&gt;&gt; TechDis
079-14194071,3,3.14,"&gt; &quot;They that can give up essential liberty to obtain a little temporary safety deserve Neither liberty nor safety&quot;, Benjamin Franklin"
079-14194071,3,3.15,&gt; - - - - - - - - - - - - - - - - - - -
079-14194071,3,3.16,&gt; ASCII Ribbon Campaign accessBob
079-14194071,3,3.17,&gt; NO HTML/PDF/RTF in e-mail accessys@smartnospam.net
079-14194071,3,3.18,"&gt; NO MSWord docs in e-mail Access Systems, engineers"
079-14194071,3,3.19,"&gt; NO attachments in e-mail, *LINUX powered* access is a civil right"
079-14194071,3,3.20,&gt; *#*#*#*#*#*#*#*#*#*#*#*#*#*#*#*#*#*#*#*#*#*#*#*#*#*#*#*#*#*#*#*#*#*#*#*#*#*#*#
079-14194071,3,3.21,&gt; THIS message and any attachments are CONFIDENTIAL and may be privileged.
079-14194071,3,3.22,&gt; They are intended ONLY for the individual or entity named
079-14194071,4,4.1,"Peter,"
079-14194071,4,4.2,"to clear up a possible confusion, can you confirm that you're use of SLD refers to specific learning difficulty or dyslexia, and not Severe Learning Difficulties or cognitive disability?"
079-14194071,4,4.3,"looks to be a great resource, we now link to it and http://www.techdis.ac.uk/seven/disability_and_the_web.html from http://www.learningdifferently.com/develop/papers.html where there are links to many other useful resources on LDD and the web"
079-14194071,4,4.4,thanks
079-14194071,4,4.5,Jonathan
079-14194071,5,5.1,"hi,"
079-14194071,5,5.2,The paper cover Dyslexia and Dyslexic-like specific learning difficulties.
079-14194071,5,5.3,"But it does it does not specifically cover the &quot;learning disabled&quot;, &quot;Severe Learning Difficulties&quot; or Cognitive disabilities."
079-14194071,5,5.4,My remit is for those who could be potentially studying at a minimum of a Further Educational level.
079-14194071,5,5.5,You might find that the paper covers many of the issues but it completely side-steps the issues when a student has a savere language difficulty or savere cognition problem...
079-14194071,5,5.6,"I would need to go into talking about the appropriateness of content, symbolic communications. etc etc."
079-14194071,5,5.7,I do hope within the future to write a similar paper about web accessibility for those with hearing impairment (including pre-lingually deaf).
079-14194071,5,5.8,pete
079-14194071,5,5.9,"&gt; Peter,"
079-14194071,5,5.10,"&gt; to clear up a possible confusion, can you confirm that you're use of SLD refers to specific learning difficulty or dyslexia, and not Severe Learning Difficulties or cognitive disability?"
079-14194071,5,5.11,"&gt; looks to be a great resource, we now link to it and http://www.techdis.ac.uk/seven/disability_and_the_web.html from http://www.learningdifferently.com/develop/papers.html where there are links to many other useful resources on LDD and the web"
079-14194071,5,5.12,&gt; thanks
079-14194071,5,5.13,&gt; Jonathan
079-4736087,1,1.1,Hi
079-4736087,1,1.2,"I am just wondering if many users, disabilities or not, find white text on black background much easier to read than black on white."
079-4736087,1,1.3,If it is the case I will include both in the style switcher I am making.
079-4736087,1,1.4,"Best regards,"
079-4736087,1,1.5,Jesper
079-4736087,2,2.1,"Jesper,"
079-4736087,2,2.2,"It is my experience that many visually impaired users who still retain some eyesight prefer light text on dark backgrounds, especially when on a monitor screen."
079-4736087,2,2.3,"This is due in part to the fact that the &quot;glare&quot; from a white monitor screen is hard on the eyes, and can often wash out thin black lines (like text)."
079-4736087,2,2.4,"I personally know of at least 2 partially sighted users who have set up their machines with dark backgrounds and light text, even to the point of one setting their web browser to over-ride developers colours."
079-4736087,2,2.5,JF
079-4736087,2,2.6,&gt; Hi
079-4736087,2,2.7,"&gt; I am just wondering if many users, disabilities or not, find white text on black background much easier to read than black on white."
079-4736087,2,2.8,&gt; If it is the case I will include both in the style switcher I am making.
079-4736087,2,2.9,"&gt; Best regards,"
079-4736087,2,2.10,&gt; Jesper
079-4736087,3,3.1,"&gt; I am just wondering if many users, disabilities or not, find white text on black background much easier to read than black on white."
079-4736087,3,3.2,"only way I will read the internet, PINE, LYNX default to white on black"
079-4736087,3,3.3,Bob
079-4736087,3,3.4,"&quot;They that can give up essential liberty to obtain a little temporary safety deserve Neither liberty nor safety&quot;, Benjamin Franklin"
079-4736087,3,3.5,- - - - - - - - - - - - - - - - - - -
079-4736087,3,3.6,ASCII Ribbon Campaign accessBob
079-4736087,3,3.7,NO HTML/PDF/RTF in e-mail accessys@smartnospam.net
079-4736087,3,3.8,"NO MSWord docs in e-mail Access Systems, engineers"
079-4736087,3,3.9,"NO attachments in e-mail, *LINUX powered* access is a civil right"
079-4736087,3,3.10,*#*#*#*#*#*#*#*#*#*#*#*#*#*#*#*#*#*#*#*#*#*#*#*#*#*#*#*#*#*#*#*#*#*#*#*#*#*#*#
079-4736087,3,3.11,THIS message and any attachments are CONFIDENTIAL and may be privileged.
079-4736087,3,3.12,They are intended ONLY for the individual or entity named
079-4736087,4,4.1,&gt; Hi
079-4736087,4,4.2,"&gt; I am just wondering if many users, disabilities or not, find white text on black background much easier to read than black on white."
079-4736087,4,4.3,&gt; If it is the case I will include both in the style switcher I am making.
079-4736087,4,4.4,"&gt; Best regards,"
079-4736087,4,4.5,&gt; Jesper
079-4736087,4,4.6,"I am aware that some people also swop between different settings, ie they may choose to work with black text on a white background in the morning, then as their eyes tire they might change their preferences to white text on a black background."
079-4736087,4,4.7,"Also, when implementing the style switcher it is important not to prevent people from using their own style sheet or browser preferences."
079-4736087,4,4.8,I have seen some switchers that do this and if the choices offered do not suit someone's needs it can be quite limiting.
079-4736087,4,4.9,"Cheers,"
079-4736087,4,4.10,Sandra.
079-4736087,4,4.11,...
079-4736087,4,4.12,e-bility Pty Ltd - Inclusive IT
079-4736087,4,4.13,tel: (02) 9810 2216
079-4736087,4,4.14,email: S.Vassallo@e-bility.com
079-4736087,4,4.15,e-bility web: http://www.e-bility.com
079-4736087,4,4.16,Inclusive IT: http://www.inclusiveit.com.au/
079-4736087,5,5.1,Hi Jesper
079-4736087,5,5.2,"&gt; I am just wondering if many users, disabilities or not, find white text on black background much easier to read than black on white."
079-4736087,5,5.3,&gt; If it is the case I will include both in the style switcher I am making.
079-4736087,5,5.4,Will you be including any other colour schemes?
079-4736087,5,5.5,Black on gold and black on certain shades of blue can improve readability for some dyslexics.*
079-4736087,5,5.6,Cheers
079-4736087,5,5.7,M
079-4736087,5,5.8,"*If anyone has done any study on this, specifically with the RGB triplets used in CSS, would they like to share?"
079-4736087,5,5.9,--
079-4736087,5,5.10,Matthew Smith
079-4736087,5,5.11,"IT Consultant - KBC, South Australia"
079-4736087,5,5.12,KBC Web Site http://www.kbc.net.au
079-4736087,5,5.13,PGP Public Key http://gpg.mss.cx
079-4736087,6,6.1,"&gt; I am just wondering if many users, disabilities or not, find white text on black background much easier to read than black on white."
079-4736087,6,6.2,My understanding is that the original reason for using white (or green or orange) on black was that flicker is more obvious on large areas of solid white.
079-4736087,6,6.3,"Viewing GUIs on CRTs, I get the impression that some rasterisers on some fonts don't handle white on black well (you need to handle them differently because a white pixel is larger than a black pixel, to ensure that adjacent white pixels overlap, when using a write white device, like a typical CRT."
080-5970135,1,1.1,BlankIt a appears another interesting case goes to court today where a wheel chair user is seeking compensation from London Stanstead Airport and Ryan Air for charging ?18.00 for the use of a wheelchair and lift to get onto the plane.
080-5970135,1,1.2,"I realise it is the Airlines that take the flak for this, but I believe it is the Airport authority that makes the charge??"
080-5970135,1,1.3,"I think he has an open and shut case, but the outcome will be interesting, and I believe the airline and airport are only contesting the case as this sets a precedent to supply a reasonable service for all disabled travellers, world wide."
080-5970135,1,1.4,Shame on them
080-5970135,2,2.1,> BlankIt a appears another interesting case goes to court today where a wheel chair user is seeking compensation from London Stanstead Airport and Ryan Air for charging ?18.00 for the use of a wheelchair and lift to get onto the plane.
080-5970135,2,2.2,"When I worked for a tourism dot-com some years ago we weren't shy about suggesting that customers sue over this (it wasn't our company policy to do so, but individually we were outraged and didn't hide it)."
080-5970135,2,2.3,"> I realise it is the Airlines that take the flak for this, but I believe it is the Airport authority that makes the charge??"
080-5970135,2,2.4,"IIRC the airlines are customers of the airport, not the passengers."
080-5970135,2,2.5,"They charge the airlines for the use of the wheelchair lifts, I don't think any other airline passes the charge on the customer, whereas Ryan Air pass *everything* onto the customer."
080-5970135,2,2.6,--
080-5970135,2,2.7,Jon Hanna | Toys and books
080-5970135,2,2.8,&lt;http://www.hackcraft.net/&gt; | for sick children:
080-5970135,2,2.9,| &lt;http://santa.boards.ie/&gt;
080-5970135,3,3.1,Interesting case.
080-5970135,3,3.2,What is the relevance to Web Accessibility?
080-5970135,3,3.3,Cheers
080-5970135,3,3.4,Chaals
080-5970135,3,3.5,> BlankIt a appears another interesting case goes to court today where a wheel chair user is seeking compensation from London Stanstead Airport and Ryan Air for charging ?18.00 for the use of a wheelchair and lift to get onto the plane.
080-5970135,3,3.6,"> I realise it is the Airlines that take the flak for this, but I believe it is the Airport authority that makes the charge??"
080-5970135,3,3.7,"> I think he has an open and shut case, but the outcome will be interesting, and I believe the airline and airport are only contesting the case as this sets a precedent to supply a reasonable service for all disabled travellers, world wide."
080-5970135,3,3.8,> Shame on them
080-5970135,3,3.9,--
080-5970135,3,3.10,Charles McCathieNevile Fundaci?n Sidar
080-5970135,3,3.11,charles@sidar.org http://www.sidar.org
080-5970135,4,4.1,"> They charge the airlines for the use of the wheelchair lifts, I don't think any other airline passes the charge on the customer, whereas Ryan Air pass *everything*"
080-5970135,4,4.2,Monarch also charge I believe.
080-5970135,5,5.1,"Please, this has nothing to do with web accessibility."
080-5970135,5,5.2,Take it up off-list.
080-5970135,5,5.3,J.
080-5970135,5,5.4,">> They charge the airlines for the use of the wheelchair lifts, I don't think any other airline passes the charge on the customer, whereas Ryan Air pass *everything*"
080-5970135,5,5.5,> Monarch also charge I believe.
080-5970135,5,5.6,The information in this email is confidential.
080-5970135,5,5.7,The contents may not be disclosed or used by anyone other than the addressee.
080-5970135,5,5.8,"If you are not the addressee, please tell us by using the reply facility in your email software as soon as possible."
080-5970135,5,5.9,Sheffield City Council cannot accept any responsibility for the accuracy or completeness of this message as it has been transmitted over a public network.
080-5970135,5,5.10,If you suspect that the message may have been intercepted or amended please tell us as soon as possible.
080-5970135,6,6.1,"> Please, this has nothing to do with web accessibility."
080-5970135,6,6.2,> Take it up off-list.
080-5970135,6,6.3,"You're right, off-topic-itis has got me again."
080-5970135,6,6.4,Sorry.
080-5970135,7,7.1,"none really, but Freud would forgive the association of thought from Cynthia's posting."
080-5970135,7,7.2,can you?
080-5970135,7,7.3,err..please?
080-5970135,7,7.4,earnest smiles
080-5970135,7,7.5,Paul
080-5970135,8,8.1,Naturally you are forgiven :-)
080-5970135,8,8.2,Actually I think there are some potentially interesting legal ramifications
080-5970135,8,8.3,"- if passing the cost of accessibility to the customer is found to be legal then it suggests a particular way to pay for what appeared to be already legally necessary accessibility improvements, at least in Australia and the UK."
080-5970135,8,8.4,"But without providing some relevance to the topic of this list, which is web accessibility, I would prefer not to have more mail than I already get."
080-5970135,8,8.5,Fora for general discussion of accessibility law are available...
080-5970135,8,8.6,cheers
080-5970135,8,8.7,Chaals
080-5970135,8,8.8,"> none really, but Freud would forgive the association of thought from Cynthia's posting."
080-5970135,8,8.9,> can you?
080-5970135,8,8.10,> err..please?
080-5970135,8,8.11,> earnest smiles
080-5970135,8,8.12,> Paul
080-5970135,8,8.13,--
080-5970135,8,8.14,Charles McCathieNevile Fundaci?n Sidar
080-5970135,8,8.15,charles@sidar.org http://www.sidar.org
080-5970135,9,9.1,> Naturally you are forgiven :-)
080-5970135,9,9.2,> Actually I think there are some potentially interesting legal ramifications
080-5970135,9,9.3,"> - if passing the cost of accessibility to the customer is found to be legal then it suggests a particular way to pay for what appeared to be already legally necessary accessibility improvements, at least in Australia and the UK."
080-5970135,9,9.4,in the USA it is expressly forbidden to pass the cost to the consumer.
080-5970135,9,9.5,Bob
080-5970135,9,9.6,"""They that can give up essential liberty to obtain a little temporary"
080-5970135,9,9.7,"safety deserve Neither liberty nor safety"", Benjamin Franklin"
080-5970135,9,9.8,- - - - - - - - - - - - - - - - - - -
080-5970135,9,9.9,ASCII Ribbon Campaign accessBob
080-5970135,9,9.10,NO HTML/PDF/RTF in e-mail accessys@smartnospam.net
080-5970135,9,9.11,"NO MSWord docs in e-mail Access Systems, engineers"
080-5970135,9,9.12,"NO attachments in e-mail, *LINUX powered* access is a civil right"
080-5970135,9,9.13,*#*#*#*#*#*#*#*#*#*#*#*#*#*#*#*#*#*#*#*#*#*#*#*#*#*#*#*#*#*#*#*#*#*#*#*#*#*#*#
080-5970135,9,9.14,THIS message and any attachments are CONFIDENTIAL and may be
080-5970135,9,9.15,privileged. They are intended ONLY for the individual or entity named
094-2808305,1,1.1,Many web authors make poor colour choices.
094-2808305,1,1.2,Some of these make pages unreadable to colour-impaired viewers.
094-2808305,1,1.3,Several browsers allow an override setting to be configured by the viewer.
094-2808305,1,1.4,DOES AMAYA ALLOW THE VIEWER TO OVERRIDE SETTING MADE INSIDE THE HTML DOCUMENTS
094-2808305,1,1.5,"Being slightly blue/green impaired myself, I view this as an important accessibility feature that all browsers, including Amaya should include."
094-2808305,1,1.6,john russell VE3LL@RAC.CA
094-2808305,1,1.7,homepage: http://web.cgocable.net/~jrussel
094-2808305,2,2.1,> Many web authors make poor colour choices.
094-2808305,2,2.2,> Some of these make pages unreadable to colour-impaired viewers.
094-2808305,2,2.3,> Several browsers allow an override setting to be configured by the viewer.
094-2808305,2,2.4,> DOES AMAYA ALLOW THE VIEWER TO OVERRIDE SETTING MADE INSIDE THE HTML DOCUMENTS
094-2808305,2,2.5,"Not exactly, but Amaya is an editor and you can easily change or remove the background/foreground color."
094-2808305,2,2.6,"> Being slightly blue/green impaired myself, I view this as an important accessibility feature that all browsers, including Amaya should include."
094-2808305,2,2.7,> john russell VE3LL@RAC.CA
094-2808305,2,2.8,> homepage: http://web.cgocable.net/~jrussel
094-2808305,2,2.9,Irene.
094-2808305,3,3.1,"John,"
094-2808305,3,3.2,"you could create your own local stylesheet, and make !imprtant declarations for colours."
094-2808305,3,3.3,Charles McCN
094-2808305,3,3.4,>> Many web authors make poor colour choices.
094-2808305,3,3.5,>> Some of these make pages unreadable to colour-impaired viewers.
094-2808305,3,3.6,>> Several browsers allow an override setting to be configured by the viewer.
094-2808305,3,3.7,>> DOES AMAYA ALLOW THE VIEWER TO OVERRIDE SETTING MADE INSIDE THE HTML DOCUMENTS
094-2808305,3,3.8,"> Not exactly, but Amaya is an editor and you can easily change or remove the background/foreground color."
094-2808305,3,3.9,">> Being slightly blue/green impaired myself, I view this as an important accessibility feature that all browsers, including Amaya should include."
094-2808305,3,3.10,>> john russell VE3LL@RAC.CA
094-2808305,3,3.11,>> homepage: http://web.cgocable.net/~jrussel
094-2808305,3,3.12,> Irene.
094-2808305,3,3.13,--Charles McCathieNevile mailto:charles@w3.org
094-2808305,3,3.14,phone: +1 617 258 0992 http://www.w3.org/People/Charles
094-2808305,3,3.15,W3C Web Accessibility Initiative http://www.w3.org/WAI
094-2808305,3,3.16,"MIT/LCS - 545 Technology sq., Cambridge MA, 02139, USA"
094-2808305,4,4.1,charles' 5 line CSS tutorial...
094-2808305,4,4.2,"to give a style to an element you list the element (called a selector in technical CSS writing), then in curly brackets you put the style feature you want to declare, a colon, and the value you want for that property."
094-2808305,4,4.3,example:
094-2808305,4,4.4,BODY { font-size: 24pt }
094-2808305,4,4.5,"To set several properties at the same time, use a semi-colon between each declaration, inside the same set of curly brackets."
094-2808305,4,4.6,example:
094-2808305,4,4.7,H1 { font-size: 180% ; font-weight: bold ; line-height: 1.5em }
094-2808305,4,4.8,"To make your statements override the ones that an author uses, add !important after each property declaration"
094-2808305,4,4.9,example:
094-2808305,4,4.10,P { font-size: 12pt !important ; line-height: 2em !important }
094-2808305,4,4.11,"NOTE: You should not do this in stylesheets that you publish, only your local stylesheet for reading, until the CSS2 cascade order is widely implemented."
094-2808305,4,4.12,"If your browser uses the CSS2 cascade order, this will be fine."
094-2808305,4,4.13,"If not, then an author who has published a style sheet with !important will override yours. (sigh)"
094-2808305,4,4.14,I don't know which cascade Amaya uses.
094-2808305,4,4.15,"It does allow you to disable any style sheet attached to a document, which is a handy feature."
094-2808305,4,4.16,Cheers
094-2808305,4,4.17,Charles McCN
094-2808305,4,4.18,"On Mon, 16 Aug 1999, John Russell wrote:"
094-2808305,4,4.19,>> Many web authors make poor colour choices.
094-2808305,4,4.20,>> Some of these make pages unreadable to colour-impaired viewers.
094-2808305,4,4.21,>> Several browsers allow an override setting to be configured by the viewer.
094-2808305,4,4.22,>> DOES AMAYA ALLOW THE VIEWER TO OVERRIDE SETTING MADE INSIDE THE HTML DOCUMENTS
094-2808305,4,4.23,">> Being slightly blue/green impaired myself, I view this as an important accessibility feature that all browsers, including Amaya should include."
094-2808305,4,4.24,"> Not exactly, but Amaya is an editor and you can easily change or remove the background/foreground color."
094-2808305,4,4.25,> --Charles McCathieNevile mailto:charles@w3.org
094-2808305,4,4.26,> you can use stylesheets
094-2808305,4,4.27,I have used a stylesheet which works ok on my own editing at at my own site and on those where people are kind enough to let one choose for themself.
094-2808305,4,4.28,Unfortunately once someone's site chooses a color you are stuck with it...
094-2808305,4,4.29,I am suggesting that an override be provided as an ACCESSIBILITY issue.
094-2808305,4,4.30,Amaya can lead the way on this as it does on several other issues such as MathML.
094-2808305,4,4.31,Thanks for suggestion.
094-2808305,4,4.32,It took a while to get amaya.css going as at first i thought it had to have tags ala html
094-2808305,4,4.33,--- this worked on other browsers but not in amaya
094-2808305,4,4.34,--- dropped any html tags and it worked like charm.
094-2808305,4,4.35,I had better buy a better reference
094-2808305,4,4.36,-- one by que fails....
094-2808305,4,4.37,john russell VE3LL@RAC.CA
094-2808305,4,4.38,homepage: http://web.cgocable.net/~jrussel
094-2808305,4,4.39,--Charles McCathieNevile mailto:charles@w3.org
094-2808305,4,4.40,phone: +1 617 258 0992 http://www.w3.org/People/Charles
094-2808305,4,4.41,W3C Web Accessibility Initiative http://www.w3.org/WAI
094-2808305,4,4.42,"MIT/LCS - 545 Technology sq., Cambridge MA, 02139, USA"
094-2808305,5,5.1,"> If your browser uses the CSS2 cascade order, this will be fine."
094-2808305,5,5.2,"> If not, then an author who has published a style sheet with !important will override yours. (sigh)"
094-2808305,5,5.3,> I don't know which cascade Amaya uses.
094-2808305,5,5.4,"> It does allow you to disable any style sheet attached to a document, which is a handy feature."
094-2808305,5,5.5,Amaya doesn't take !important flag into account yet
094-2808305,5,5.6,Irene.
107-16164699,1,1.1,"Chris Lilley, Brian Stell and others have been discussing the rash of irate, &quot;get me off this list&quot; mesages the listserv has received, lately."
107-16164699,1,1.2,"Well, folks: YOU CAN'T UNSUBSCRIBE FROM THIS LIST!"
107-16164699,1,1.3,"I've tried for 2 months to get off this list, I've followed the rules, I've tried variations of the theme, looking for some hidden code--all to no avail."
107-16164699,1,1.4,"So, the last resort of those who have tried everything else is to post to the list they want to be rid of."
107-16164699,1,1.5,"It's irony, but it's a fact."
107-16164699,1,1.6,PLEASE GET ME OFF THIS LIST@!%$#$/-\%
107-16164699,1,1.7,--
107-16164699,1,1.8,Rob Wood
107-16164699,1,1.9,HyperGold Web Services
107-16164699,1,1.10,http://www.hypergold.com
107-16164699,2,2.1,"Well, that explains a lot!"
107-16164699,2,2.2,"I've been trying for awhile too, and I can't seem to get off."
107-16164699,2,2.3,Please!
107-16164699,2,2.4,Take me off this list!
107-16164699,2,2.5,And *fix* your subscribe/unsubscribe automated email list!!
107-16164699,2,2.6,--Kim Haeger
107-16164699,2,2.7,Technical Writer
107-16164699,2,2.8,Netscape
107-16164699,3,3.1,"&gt; Well, that explains a lot! I've been trying for awhile too, and I can't"
107-16164699,3,3.2,&gt; seem to get off.
107-16164699,3,3.3,&gt; Please! Take me off this list! And *fix* your subscribe/unsubscribe
107-16164699,3,3.4,&gt; automated email list!!
107-16164699,3,3.5,Please remain calm.
107-16164699,3,3.6,Our automated list manager works very well.
107-16164699,3,3.7,Sometimes there are problems due to:
107-16164699,3,3.8,- you being subscribed under another name/address --
107-16164699,3,3.9,this was the case for the first among the two recent messages.
107-16164699,3,3.10,- you being subscribed to a mail exploder in the company you work for --
107-16164699,3,3.11,"this, I believe, was the case for the second person."
107-16164699,3,3.12,Please talk to your sysadm about this problem --
107-16164699,3,3.13,there is nothing we can do
107-16164699,3,3.14,"Regards,"
107-16164699,3,3.15,-h&amp;amp;kon
107-16164699,3,3.16,H ? k o n W i u m L i e
107-16164699,3,3.17,howcome@w3.org W o r l d Wide W e b Consortium
107-16164699,3,3.18,inria ???#?? FRANCE http://www.w3.org/people/howcome
107-16164699,4,4.1,&gt; Please remain calm.
107-16164699,4,4.2,&gt; Our automated list manager works very well.
107-16164699,4,4.3,&gt; Sometimes there are problems due to:
107-16164699,4,4.4,&gt; - you being subscribed under another name/address --
107-16164699,4,4.5,&gt; this was the case for the first among the two recent messages.
107-16164699,4,4.6,"Well, after receiving a message that informed me of this, I responded with an unsubscribe e-mail with my unaliased e-mail address, and today received an automated response informing me that your software could not find my name on your list."
107-16164699,4,4.7,I am very calm.
107-16164699,4,4.8,I simply want off this list.
107-16164699,4,4.9,--
107-16164699,4,4.10,"Rob Wood (rwood@hooked.net,rwood@hypergold.com)"
107-16164699,4,4.11,HyperGold Web Services
107-16164699,4,4.12,http://www.hypergold.com
107-16164699,5,5.1,&gt; It is possible that you are on another mailing list that is sending you the www-font messages.
107-16164699,5,5.2,"&gt; If you're on an internal mailing list where you work, for instance, and someone subscribed that list to the www-font list, you may be getting it indirectly, in which case unsubscribing yourself will not get you off the list."
107-16164699,5,5.3,"Thanks for the helpful info, but I just received a message saying that I have been removed from the list."
107-16164699,5,5.4,Why?
107-16164699,5,5.5,Because I posted my difficulties to the list.
107-16164699,5,5.6,"Sorry I had to burden you all with my problems, but as you can see, it worked."
107-16164699,5,5.7,--
107-16164699,5,5.8,Rob Wood
107-16164699,5,5.9,HyperGold Web Services
107-16164699,5,5.10,http://www.hypergold.com
107-16164699,6,6.1,&gt;&gt; Please!
107-16164699,6,6.2,&gt;&gt; Take me off this list!
107-16164699,6,6.3,&gt;&gt; And *fix* your subscribe/unsubscribe automated email list!
107-16164699,6,6.4,Sam Berlow
107-16164699,6,6.5,General Manager
107-16164699,6,6.6,"The Font Bureau, Inc."
107-16164699,6,6.7,www.fontbureau.com
107-16164699,7,7.1,UNSUBSCRIBE.SIGROLLY
